postac_a,postac_b,sila_relacji
DONKEY,SHREK,28
DONKEY,PUSS,25
PUSS,SHREK,22
ARTIE,DONKEY,17
ARTIE,SHREK,17
DONKEY,FIONA,16
FIONA,SHREK,15
FIONA,PUSS,14
FIONA,SNOW WHITE,13
ARTIE,PUSS,13
FIONA,PIG #1,12
CYCLOPS,PRINCE CHARMING,11
PIG #1,PUSS,10
FIONA,GINGERBREAD MAN,10
GINGERBREAD MAN,PIG #1,10
FIONA,PRINCE CHARMING,10
DONKEY,PIG #1,10
GINGERBREAD MAN,SNOW WHITE,10
DORIS,FIONA,9
PIG #1,SNOW WHITE,9
PIG #1,PRINCE CHARMING,9
CYCLOPS,FIONA,9
DORIS,SNOW WHITE,9
PIG #1,SHREK,9
CAPTAIN HOOK,PRINCE CHARMING,9
FIONA,QUEEN,9
FIONA,RAPUNZEL,9
CYCLOPS,PIG #1,9
CYCLOPS,SHREK,8
ARTIE,PIG #1,8
DONKEY,PINOCCHIO,8
CYCLOPS,SNOW WHITE,8
PUSS,SHIP CAPTAIN,8
ARTIE,PINOCCHIO,8
SHIP CAPTAIN,SHREK,8
PRINCE CHARMING,RUMPLESTILTSKIN,8
CAPTAIN HOOK,PIG #1,8
CINDERELLA,FIONA,8
CAPTAIN HOOK,FIONA,8
PIG #1,PINOCCHIO,8
PRINCE CHARMING,SHREK,8
CYCLOPS,GINGERBREAD MAN,8
DONKEY,SHIP CAPTAIN,8
CAPTAIN HOOK,CYCLOPS,8
GINGERBREAD MAN,PINOCCHIO,8
GINGERBREAD MAN,PRINCE CHARMING,8
PIG #1,WOLF,8
PINOCCHIO,PUSS,8
PINOCCHIO,WOLF,8
GINGERBREAD MAN,PUSS,7
PUSS,SNOW WHITE,7
PUSS,RUMPLESTILTSKIN,7
PINOCCHIO,PRINCE CHARMING,7
ARTIE,MERLIN,7
DONKEY,GINGERBREAD MAN,7
ARTIE,PRINCE CHARMING,7
ARTIE,FIONA,7
DONKEY,SNOW WHITE,7
SLEEPING BEAUTY,SNOW WHITE,7
DONKEY,MERLIN,7
DONKEY,DORIS,7
CYCLOPS,RUMPLESTILTSKIN,7
PRINCE CHARMING,SNOW WHITE,7
DONKEY,WOLF,7
CINDERELLA,SNOW WHITE,7
MERLIN,SHREK,7
PIG #1,RAPUNZEL,7
DORIS,PUSS,7
QUEEN,SNOW WHITE,7
FIONA,PIG #2,7
GINGERBREAD MAN,WOLF,7
PUSS,WOLF,7
FIONA,RUMPLESTILTSKIN,7
PIG #2,SNOW WHITE,7
FIONA,WOLF,7
FIONA,PINOCCHIO,7
CAPTAIN HOOK,EVIL QUEEN,7
EVIL QUEEN,PRINCE CHARMING,7
CAPTAIN HOOK,DONKEY,7
LANCELOT,SHREK,7
EVIL QUEEN,RUMPLESTILTSKIN,7
FIONA,SLEEPING BEAUTY,7
GINGERBREAD MAN,PIG #2,7
PINOCCHIO,SHREK,7
DORIS,PIG #1,7
GUINEVERRE,SHREK,7
MABEL,PRINCE CHARMING,7
CINDERELLA,SLEEPING BEAUTY,7
DORIS,GINGERBREAD MAN,7
CYCLOPS,DONKEY,7
CYCLOPS,MABEL,7
ARTIE,WOLF,7
DONKEY,RUMPLESTILTSKIN,7
DONKEY,PRINCE CHARMING,7
ARTIE,GINGERBREAD MAN,7
CYCLOPS,PUSS,7
CAPTAIN HOOK,SHREK,7
DORIS,SLEEPING BEAUTY,7
CINDERELLA,DORIS,7
DORIS,RAPUNZEL,7
RAPUNZEL,SNOW WHITE,7
PIG #1,PIG #2,7
CAPTAIN HOOK,RUMPLESTILTSKIN,7
CINDERELLA,RAPUNZEL,7
RUMPLESTILTSKIN,SHREK,7
CAPTAIN HOOK,PUSS,7
PRINCE CHARMING,RAPUNZEL,7
PRINCE CHARMING,PUSS,7
MABEL,RUMPLESTILTSKIN,7
PIG #1,RUMPLESTILTSKIN,7
PUSS,QUEEN,6
GINGERBREAD MAN,RAPUNZEL,6
PUSS,RAPUNZEL,6
FIONA,SHIP CAPTAIN,6
CAPTAIN HOOK,MABEL,6
SNOW WHITE,WOLF,6
JOCKS,KNIGHT,6
JOCKS,LANCELOT,6
DRAGON,RAPUNZEL,6
CAPTAIN HOOK,PIG #2,6
ANNOUNCER,EVIL KNIGHT #1,6
EVIL QUEEN,SHREK,6
FIONA,PRINCESSES,6
EVIL QUEEN,PUSS,6
KNIGHT,LANCELOT,6
GINGERBREAD MAN,SHREK,6
PINOCCHIO,SNOW WHITE,6
JOCKS,SHREK,6
OGRE,OGRE BABY,6
GUINEVERRE,LANCELOT,6
PIG #1,SHIP CAPTAIN,6
PIG #2,PRINCE CHARMING,6
CAPTAIN HOOK,SNOW WHITE,6
RAPUNZEL,SHREK,6
CAPTAIN HOOK,GINGERBREAD MAN,6
CAPTAIN HOOK,QUEEN,6
RAPUNZEL,RUMPLESTILTSKIN,6
FIONA,MABEL,6
PRINCE CHARMING,QUEEN,6
OGRE,SHREK,6
RAPUNZEL,SLEEPING BEAUTY,6
MABEL,PIG #1,6
DORIS,PRINCESSES,6
PIG #1,QUEEN,6
DRAGON,PIG #1,6
DRAGON,FIONA,6
MABEL,SHREK,6
CYCLOPS,EVIL QUEEN,6
PRINCESSES,SLEEPING BEAUTY,6
CYCLOPS,DORIS,6
CYCLOPS,QUEEN,6
PRINCESSES,SNOW WHITE,6
CINDERELLA,PRINCESSES,6
SHREK,SNOW WHITE,6
CYCLOPS,PIG #2,6
MABEL,PUSS,6
CYCLOPS,WOLF,6
SHREK,WOLF,6
DORIS,SHREK,6
DONKEY,LANCELOT,6
ARTIE,RAPUNZEL,6
DONKEY,EVIL QUEEN,6
OGRE BABY,SHREK,6
DONKEY,RAPUNZEL,6
DONKEY,QUEEN,6
DONKEY,MABEL,6
CYCLOPS,PINOCCHIO,6
PRINCE CHARMING,WOLF,6
DONKEY,GUINEVERRE,6
ARTIE,SNOW WHITE,6
ARTIE,CYCLOPS,6
ARTIE,DORIS,6
ARTIE,CAPTAIN HOOK,6
ARTIE,RUMPLESTILTSKIN,6
KNIGHT,SHREK,6
EVIL QUEEN,FIONA,6
EVIL QUEEN,PIG #1,6
EVIL QUEEN,MABEL,6
KNIGHT,PUSS,5
EVIL KNIGHT #1,GINGERBREAD MAN,5
PIGS,PRINCESSES,5
PIGS,RAPUNZEL,5
DRIVERS ED INSTRUCTOR,SHREK,5
EVIL QUEEN,RAPUNZEL,5
ALL,PUSS,5
JOCKS,TEENAGER,5
EVIL KNIGHT #1,WOLF,5
EVIL KNIGHT #1,SNOW WHITE,5
EVIL KNIGHT #1,SHREK,5
BOHORT,DONKEY,5
PUSS,SLEEPING BEAUTY,5
KNIGHT,TEENAGER,5
EVIL KNIGHT #1,FIONA,5
ALL,DONKEY,5
TIFFANY,XAVIER,5
TIFFANY,VAN STUDENT,5
VAN STUDENT,XAVIER,5
GINGERBREAD MAN,SLEEPING BEAUTY,5
EVIL TREES,GINGERBREAD MAN,5
HALL MONITOR,SHREK,5
ARTIE,MABEL,5
ARTIE,STUDENTS,5
SHREK,VAN STUDENT,5
SHREK,TIFFANY,5
ARTIE,SHIP CAPTAIN,5
CYCLOPS,SHIP CAPTAIN,5
DONKEY,GARY,5
DONKEY,PRINCESSES,5
ARTIE,EVIL TREES,5
ARTIE,EVIL QUEEN,5
ARTIE,EVIL KNIGHT #1,5
PRINCESSES,PUSS,5
ARTIE,PRINCIPAL PYNCHLEY,5
DONKEY,HALL MONITOR,5
DONKEY,GRITTED TEETH,5
ARTIE,DRAGON,5
ARTIE,LANCELOT,5
ARTIE,GUINEVERRE,5
EVIL TREES,FIONA,5
EVIL TREES,PRINCE CHARMING,5
DONKEY,EVIL KNIGHT #1,5
DONKEY,DRIVERS ED INSTRUCTOR,5
DONKEY,DRAGON,5
DONKEY,EVIL TREES,5
GUINEVERRE,PUSS,5
DORIS,RUMPLESTILTSKIN,5
DONKEY,TEENAGER,5
DORIS,GINGERBREAD MAN/PINOCCHIO,5
ANNOUNCER,WOLF,5
DORIS,DRAGON,5
DONKEY,XAVIER,5
DONKEY,VAN STUDENT,5
DONKEY,TIFFANY,5
DONKEY,STUDENTS,5
DONKEY,KNIGHT,5
DONKEY,JOCKS,5
SHREK,XAVIER,5
SHREK,TEENAGER,5
SHREK,STUDENTS,5
GUINEVERRE,XAVIER,5
GUINEVERRE,VAN STUDENT,5
HALL MONITOR,PUSS,5
GUINEVERRE,TIFFANY,5
EVIL TREES,SNOW WHITE,5
EVIL TREES,SHREK,5
CYCLOPS,RAPUNZEL,5
DONKEY,FEMALE STUDENT #1,5
PRINCESSES,RAPUNZEL,5
GUINEVERRE,STUDENTS,5
GUINEVERRE,PRINCIPAL PYNCHLEY,5
EVIL TREES,PIG #1,5
CYCLOPS,EVIL TREES,5
CYCLOPS,EVIL KNIGHT #1,5
MABEL,SNOW WHITE,5
ANNOUNCER,PUSS,5
ANNOUNCER,PINOCCHIO,5
MABEL,SHIP CAPTAIN,5
ARTIE,BOHORT,5
DONKEY,SLEEPING BEAUTY,5
DORIS,EVIL TREES,5
DORIS,PIGS,5
DORIS,PIG #2,5
DONKEY,PRINCIPAL PYNCHLEY,5
DORIS,EVIL KNIGHT #1,5
COSTUME STUDENT 2,SHREK,5
EVIL TREES,MABEL,5
COSTUME STUDENT 1,GRITTED TEETH,5
COSTUME STUDENT 1,DONKEY,5
COSTUME STUDENT 1,COSTUME STUDENT 2,5
OGRE,PRINCE CHARMING,5
COSTUME STUDENT 1,PUSS,5
RUMPLESTILTSKIN,WOLF,5
COSTUME STUDENT 2,HALL MONITOR,5
COSTUME STUDENT 1,SHREK,5
COSTUME STUDENT 2,DONKEY,5
COSTUME STUDENT 2,GRITTED TEETH,5
COSTUME STUDENT 2,PUSS,5
EVIL TREES,RUMPLESTILTSKIN,5
EVIL TREES,RAPUNZEL,5
EVIL TREES,PUSS,5
RUMPLESTILTSKIN,SHIP CAPTAIN,5
RAPUNZEL,WOLF,5
GUINEVERRE,KNIGHT,5
NANNY DWARF,RAPUNZEL,5
CINDERELLA,QUEEN,5
CINDERELLA,PUSS,5
DORIS,PRINCE CHARMING,5
ANNOUNCER,PIG #1,5
ANNOUNCER,GINGERBREAD MAN,5
ANNOUNCER,FIONA,5
ANNOUNCER,SNOW WHITE,5
ANNOUNCER,SHREK,5
PIG #1,PRINCESSES,5
PIG #1,PIGS,5
DORIS,PINOCCHIO,5
DRAGON,EVIL QUEEN,5
DORIS,WOLF,5
CINDERELLA,PRINCE CHARMING,5
COSTUME STUDENT 1,HALL MONITOR,5
CHEERLEADERS,PUSS,5
GUINEVERRE,JOCKS,5
NANNY DWARF,PRINCESSES,5
FEMALE STUDENT #1,GUINEVERRE,5
CHEERLEADERS,VAN STUDENT,5
CHEERLEADERS,TIFFANY,5
FEMALE STUDENT #1,GARY,5
NANNY DWARF,SNOW WHITE,5
CINDERELLA,PIGS,5
CINDERELLA,PIG #2,5
CINDERELLA,PIG #1,5
CINDERELLA,NANNY DWARF,5
NANNY DWARF,SLEEPING BEAUTY,5
RUMPLESTILTSKIN,SNOW WHITE,5
CAPTAIN HOOK,RAPUNZEL,5
CHEERLEADERS,DRIVERS ED INSTRUCTOR,5
FEMALE STUDENT #1,XAVIER,5
FEMALE STUDENT #1,VAN STUDENT,5
FEMALE STUDENT #1,TIFFANY,5
CHEERLEADERS,SHREK,5
CHEERLEADERS,GUINEVERRE,5
CHEERLEADERS,GARY,5
CINDERELLA,DRAGON,5
DRAGON,NANNY DWARF,5
MABEL,RAPUNZEL,5
DORIS,NANNY DWARF,5
DORIS,MABEL,5
DRAGON,GINGERBREAD MAN/PINOCCHIO,5
DRAGON,GINGERBREAD MAN,5
DORIS,QUEEN,5
DRAGON,PIG #2,5
PIG #2,QUEEN,5
PIG #2,PRINCESSES,5
PRINCE CHARMING,SHIP CAPTAIN,5
PIG #1,SLEEPING BEAUTY,5
CINDERELLA,DONKEY,5
CHEERLEADERS,XAVIER,5
CINDERELLA,GINGERBREAD MAN/PINOCCHIO,5
CINDERELLA,GINGERBREAD MAN,5
GRITTED TEETH,PUSS,5
CAPTAIN HOOK,SHIP CAPTAIN,5
PRINCIPAL PYNCHLEY,SHREK,5
NANNY DWARF,PIG #2,5
NANNY DWARF,PIG #1,5
FEMALE STUDENT #1,PUSS,5
CHEERLEADERS,DONKEY,5
CAPTAIN HOOK,WOLF,5
CHEERLEADERS,FEMALE STUDENT #1,5
GRITTED TEETH,SHREK,5
PRINCIPAL PYNCHLEY,STUDENTS,5
FIONA,GINGERBREAD MAN/PINOCCHIO,5
DRAGON,SLEEPING BEAUTY,5
DRAGON,SHREK,5
DRIVERS ED INSTRUCTOR,GUINEVERRE,5
ALL,SHREK,5
ANNOUNCER,DORIS,5
ANNOUNCER,DONKEY,5
ANNOUNCER,CYCLOPS,5
DRAGON,RUMPLESTILTSKIN,5
DRAGON,PUSS,5
DRAGON,PRINCESSES,5
FEMALE STUDENT #1,SHREK,5
NANNY DWARF,PIGS,5
CAPTAIN HOOK,PINOCCHIO,5
GRITTED TEETH,HALL MONITOR,5
QUEEN,SLEEPING BEAUTY,5
QUEEN,SHREK,5
CAPTAIN HOOK,DRAGON,5
EVIL QUEEN,SHIP CAPTAIN,5
DRIVERS ED INSTRUCTOR,TIFFANY,5
PIG #2,PIGS,5
LANCELOT,TEENAGER,5
LANCELOT,STUDENTS,5
DRIVERS ED INSTRUCTOR,GARY,5
DRIVERS ED INSTRUCTOR,FEMALE STUDENT #1,5
DRAGON,PRINCE CHARMING,5
DRAGON,PIGS,5
DRAGON,SNOW WHITE,5
FIONA,PIGS,5
FIONA,NANNY DWARF,5
GINGERBREAD MAN/PINOCCHIO,SNOW WHITE,5
GINGERBREAD MAN/PINOCCHIO,SLEEPING BEAUTY,5
GINGERBREAD MAN/PINOCCHIO,RAPUNZEL,5
GINGERBREAD MAN/PINOCCHIO,PRINCESSES,5
GINGERBREAD MAN,GINGERBREAD MAN/PINOCCHIO,5
GARY,XAVIER,5
GARY,VAN STUDENT,5
GARY,TIFFANY,5
GARY,SHREK,5
GARY,PUSS,5
GARY,GUINEVERRE,5
GINGERBREAD MAN/PINOCCHIO,PIGS,5
PUSS,XAVIER,5
GINGERBREAD MAN/PINOCCHIO,PIG #2,5
GINGERBREAD MAN/PINOCCHIO,PIG #1,5
GINGERBREAD MAN/PINOCCHIO,NANNY DWARF,5
BOHORT,PRINCIPAL PYNCHLEY,5
BOHORT,LANCELOT,5
PUSS,VAN STUDENT,5
EVIL KNIGHT #1,PUSS,5
EVIL KNIGHT #1,PINOCCHIO,5
PIGS,SNOW WHITE,5
PIGS,SLEEPING BEAUTY,5
JOCKS,PUSS,5
LANCELOT,PUSS,5
LANCELOT,PRINCIPAL PYNCHLEY,5
ANNOUNCER,ARTIE,5
DRIVERS ED INSTRUCTOR,XAVIER,5
DRIVERS ED INSTRUCTOR,VAN STUDENT,5
PIG #2,SLEEPING BEAUTY,5
PIG #2,RAPUNZEL,5
DRIVERS ED INSTRUCTOR,PUSS,5
PUSS,TIFFANY,5
PUSS,TEENAGER,5
BOHORT,STUDENTS,5
BOHORT,SHREK,5
EVIL KNIGHT #1,PIG #1,5
GINGERBREAD MAN,PIGS,5
BOHORT,GUINEVERRE,5
GINGERBREAD MAN,OGRE,5
GINGERBREAD MAN,NANNY DWARF,5
GINGERBREAD MAN,MUFFIN MAN,5
GINGERBREAD MAN,MABEL,5
PINOCCHIO,RUMPLESTILTSKIN,5
GINGERBREAD MAN,RUMPLESTILTSKIN,5
PINOCCHIO,RAPUNZEL,5
GINGERBREAD MAN,QUEEN,5
ALL,ARTIE,5
GINGERBREAD MAN,PRINCESSES,5
KNIGHT,TIFFANY,4
STUDENTS,XAVIER,4
STUDENTS,VAN STUDENT,4
PIGS,PRINCIPAL PYNCHLEY,4
PIGS,PUSS,4
EVIL DWARF #1,PUSS,4
PIRATES,PUSS,4
PIGS,RUMPLESTILTSKIN,4
JOCKS,PRINCIPAL PYNCHLEY,4
JOCKS,RAPUNZEL,4
KNIGHT,STUDENTS,4
ALL,FIONA,4
PIGS,SHREK,4
PIGS,STUDENTS,4
PIGS,TEENAGER,4
PIGS,TIFFANY,4
PINOCCHIO,TEACHER,4
PIGS,VAN STUDENT,4
EVIL KNIGHT #1,PRINCE CHARMING,4
GINGERBREAD MAN/PINOCCHIO,GUINEVERRE,4
GINGERBREAD MAN/PINOCCHIO,HALL MONITOR,4
GINGERBREAD MAN/PINOCCHIO,JOCKS,4
GINGERBREAD MAN/PINOCCHIO,KNIGHT,4
GINGERBREAD MAN/PINOCCHIO,LANCELOT,4
BODY,PINOCCHIO,4
BODY,PUSS,4
BOHORT,DRAGON,4
BOHORT,DRIVERS ED INSTRUCTOR,4
GINGERBREAD MAN,SHIP CAPTAIN,4
MUFFIN MAN,PIG #1,4
KNIGHT,MABEL,4
KNIGHT,MOTHER,4
KNIGHT,PRINCESSES,4
KNIGHT,PRINCIPAL PYNCHLEY,4
KNIGHT,RUMPLESTILTSKIN,4
BOHORT,MABEL,4
BOHORT,MOTHER,4
BOHORT,NANNY DWARF,4
BOHORT,OGRE,4
BOHORT,OGRE BABY,4
GINGERBREAD MAN,LANCELOT,4
GINGERBREAD MAN,MOTHER,4
GARY,SHIP CAPTAIN,4
GINGERBREAD MAN,STUDENTS,4
GINGERBREAD MAN,TEACHER,4
GINGERBREAD MAN,TEENAGER,4
GINGERBREAD MAN,TIFFANY,4
GINGERBREAD MAN,VAN STUDENT,4
GINGERBREAD MAN,OGRE BABY,4
BODY,SHREK,4
BOHORT,GRITTED TEETH,4
GINGERBREAD MAN/PINOCCHIO,OGRE,4
GINGERBREAD MAN/PINOCCHIO,OGRE BABY,4
GINGERBREAD MAN/PINOCCHIO,PRINCE CHARMING,4
BOHORT,FIONA,4
BOHORT,GARY,4
BOHORT,GINGERBREAD MAN,4
BOHORT,GINGERBREAD MAN/PINOCCHIO,4
PUSS,SHOUTING,4
PUSS,STUDENTS,4
BOHORT,CAPTAIN HOOK,4
BOHORT,CHEERLEADERS,4
BOHORT,CINDERELLA,4
BOHORT,COSTUME STUDENT 1,4
BOHORT,COSTUME STUDENT 2,4
BOHORT,CYCLOPS,4
BOHORT,DORIS,4
BOHORT,HALL MONITOR,4
BOHORT,JOCKS,4
BOHORT,KNIGHT,4
BOHORT,PIGS,4
BOHORT,PRINCE CHARMING,4
BOHORT,PRINCESSES,4
BOHORT,PUSS,4
BOHORT,EVIL QUEEN,4
BOHORT,EVIL TREES,4
BOHORT,FEMALE STUDENT #1,4
MUFFIN MAN,PIG #2,4
MUFFIN MAN,PINOCCHIO,4
MUFFIN MAN,PRINCE CHARMING,4
GINGERBREAD MAN,XAVIER,4
GINGERBREAD MAN/PINOCCHIO,GRITTED TEETH,4
GINGERBREAD MAN/PINOCCHIO,MOTHER,4
GINGERBREAD MAN/PINOCCHIO,SHIP CAPTAIN,4
GINGERBREAD MAN/PINOCCHIO,SHREK,4
GINGERBREAD MAN/PINOCCHIO,STUDENTS,4
GARY,PIGS,4
GINGERBREAD MAN,PRINCIPAL PYNCHLEY,4
GINGERBREAD MAN,GRITTED TEETH,4
GINGERBREAD MAN,GUINEVERRE,4
GINGERBREAD MAN,HALL MONITOR,4
GINGERBREAD MAN,JOCKS,4
GINGERBREAD MAN,KNIGHT,4
BOHORT,RAPUNZEL,4
BOHORT,RUMPLESTILTSKIN,4
BOHORT,SLEEPING BEAUTY,4
BOHORT,SNOW WHITE,4
BOHORT,TEENAGER,4
BOHORT,TIFFANY,4
GARY,TEENAGER,4
BOHORT,VAN STUDENT,4
BOHORT,XAVIER,4
BOHORT,PIG #1,4
BOHORT,PIG #2,4
BY A MONSTER TRYING TO RELATE TO,DONKEY,4
GARY,PIG #1,4
GARY,PIG #2,4
MOTHER,XAVIER,4
GINGERBREAD MAN/PINOCCHIO,PRINCIPAL PYNCHLEY,4
GINGERBREAD MAN/PINOCCHIO,PUSS,4
GINGERBREAD MAN/PINOCCHIO,RUMPLESTILTSKIN,4
QUEEN,TEACHER,4
BODY,EVIL DWARF #1,4
BODY,GUARD #1,4
BODY,GUARD #2,4
MUFFIN MAN,TEACHER,4
GARY,HALL MONITOR,4
GARY,JOCKS,4
GARY,KNIGHT,4
GARY,LANCELOT,4
GARY,MABEL,4
GARY,PRINCE CHARMING,4
GARY,PRINCESSES,4
GARY,PRINCIPAL PYNCHLEY,4
BOHORT,SHIP CAPTAIN,4
GARY,RAPUNZEL,4
GARY,RUMPLESTILTSKIN,4
MUFFIN MAN,QUEEN,4
GARY,SLEEPING BEAUTY,4
GARY,SNOW WHITE,4
GARY,STUDENTS,4
GRITTED TEETH,GUINEVERRE,4
GRITTED TEETH,JOCKS,4
GRITTED TEETH,KNIGHT,4
GARY,MOTHER,4
GARY,NANNY DWARF,4
GARY,OGRE,4
GARY,OGRE BABY,4
FIONA,STUDENTS,4
FIONA,TEACHER,4
FIONA,TEENAGER,4
FIONA,TIFFANY,4
FIONA,VAN STUDENT,4
FIONA,XAVIER,4
GARY,GINGERBREAD MAN,4
MUFFIN MAN,SNOW WHITE,4
BY A MONSTER TRYING TO RELATE TO,SHREK,4
FIONA,PRINCIPAL PYNCHLEY,4
BY A MONSTER TRYING TO RELATE TO,MERLIN,4
CAPTAIN HOOK,COSTUME STUDENT 1,4
CAPTAIN HOOK,COSTUME STUDENT 2,4
CAPTAIN HOOK,DORIS,4
PUPPET MASTER,RUMPLESTILTSKIN,4
GINGERBREAD MAN/PINOCCHIO,MABEL,4
GRITTED TEETH,PIGS,4
GRITTED TEETH,PRINCE CHARMING,4
GINGERBREAD MAN/PINOCCHIO,TEENAGER,4
GINGERBREAD MAN/PINOCCHIO,TIFFANY,4
GINGERBREAD MAN/PINOCCHIO,VAN STUDENT,4
QUEEN,RAPUNZEL,4
QUEEN,RUMPLESTILTSKIN,4
QUEEN,SHIP CAPTAIN,4
GINGERBREAD MAN/PINOCCHIO,XAVIER,4
FIONA,HIS EARS,4
FIONA,JOCKS,4
FIONA,KNIGHT,4
FIONA,LANCELOT,4
FIONA,MERLIN,4
FIONA,MOTHER,4
FIONA,MUFFIN MAN,4
CAPTAIN HOOK,FEMALE STUDENT #1,4
CAPTAIN HOOK,GARY,4
CAPTAIN HOOK,GINGERBREAD MAN/PINOCCHIO,4
CAPTAIN HOOK,GRITTED TEETH,4
FIONA,OGRE,4
FIONA,OGRE BABY,4
GARY,GINGERBREAD MAN/PINOCCHIO,4
GARY,GRITTED TEETH,4
FIONA,PRINCESSES/PUSS/DONKEY,4
QUIETLY,SCRIPT,4
BODY,EVIL WITCHES,4
GRITTED TEETH,MOTHER,4
GRITTED TEETH,NANNY DWARF,4
GRITTED TEETH,OGRE,4
GRITTED TEETH,OGRE BABY,4
GRITTED TEETH,PIG #1,4
GRITTED TEETH,PIG #2,4
GRITTED TEETH,XAVIER,4
CAPTAIN HOOK,KNIGHT,4
CAPTAIN HOOK,LANCELOT,4
CAPTAIN HOOK,MERLIN,4
CAPTAIN HOOK,MOTHER,4
CAPTAIN HOOK,MUFFIN MAN,4
CAPTAIN HOOK,NANNY DWARF,4
FIONA,HALL MONITOR,4
CAPTAIN HOOK,DRIVERS ED INSTRUCTOR,4
CAPTAIN HOOK,EVIL TREES,4
PRINCIPAL PYNCHLEY,TEENAGER,4
PRINCIPAL PYNCHLEY,TIFFANY,4
PRINCIPAL PYNCHLEY,VAN STUDENT,4
PRINCIPAL PYNCHLEY,XAVIER,4
BY A MONSTER TRYING TO RELATE TO,WIZARD HEAD,4
CAPTAIN HOOK,CHEERLEADERS,4
CAPTAIN HOOK,CINDERELLA,4
CAPTAIN HOOK,JOCKS,4
GRITTED TEETH,SHIP CAPTAIN,4
GRITTED TEETH,SLEEPING BEAUTY,4
GRITTED TEETH,SNOW WHITE,4
GRITTED TEETH,STUDENTS,4
GRITTED TEETH,LANCELOT,4
GRITTED TEETH,MABEL,4
MOTHER,STUDENTS,4
RAPUNZEL,SHIP CAPTAIN,4
BODY,DONKEY,4
QUEEN,WOLF,4
CAPTAIN HOOK,TEACHER,4
CAPTAIN HOOK,GUINEVERRE,4
CAPTAIN HOOK,HALL MONITOR,4
CAPTAIN HOOK,PIGS,4
CAPTAIN HOOK,PIRATES,4
CAPTAIN HOOK,PRINCESSES,4
FEMALE STUDENT #1,SLEEPING BEAUTY,4
FEMALE STUDENT #1,SNOW WHITE,4
FEMALE STUDENT #1,STUDENTS,4
FIONA,GARY,4
FIONA,GRITTED TEETH,4
FIONA,GUINEVERRE,4
NANNY DWARF,OGRE BABY,4
CAPTAIN HOOK,PRINCIPAL PYNCHLEY,4
CAPTAIN HOOK,PUPPET MASTER,4
PRINCIPAL PYNCHLEY,SLEEPING BEAUTY,4
PRINCIPAL PYNCHLEY,SNOW WHITE,4
CAPTAIN HOOK,SLEEPING BEAUTY,4
CAPTAIN HOOK,STUDENTS,4
GUARD #1,GUARD #2,4
GRITTED TEETH,PRINCESSES,4
GRITTED TEETH,PRINCIPAL PYNCHLEY,4
GRITTED TEETH,RAPUNZEL,4
GRITTED TEETH,RUMPLESTILTSKIN,4
MOTHER,SHIP CAPTAIN,4
MOTHER,SHREK,4
MOTHER,SLEEPING BEAUTY,4
MOTHER,SNOW WHITE,4
CAPTAIN HOOK,TEENAGER,4
CAPTAIN HOOK,TIFFANY,4
CAPTAIN HOOK,VAN STUDENT,4
CAPTAIN HOOK,OGRE,4
CAPTAIN HOOK,OGRE BABY,4
CAPTAIN HOOK,XAVIER,4
CHEERLEADERS,CINDERELLA,4
CHEERLEADERS,COSTUME STUDENT 1,4
CHEERLEADERS,COSTUME STUDENT 2,4
CHEERLEADERS,CYCLOPS,4
CHEERLEADERS,DORIS,4
FEMALE STUDENT #1,PRINCE CHARMING,4
FEMALE STUDENT #1,PRINCESSES,4
FEMALE STUDENT #1,PRINCIPAL PYNCHLEY,4
MUFFIN MAN,WOLF,4
NANNY DWARF,OGRE,4
BLIND MOUSE #1,HIS EARS,4
RAPUNZEL,TEENAGER,4
RAPUNZEL,TIFFANY,4
RAPUNZEL,VAN STUDENT,4
BLIND MOUSE #1,PUSS,4
BLIND MOUSE #1,SHIP CAPTAIN,4
BLIND MOUSE #1,SHREK,4
GUARD #1,PINOCCHIO,4
FEMALE STUDENT #1,PIGS,4
CHEERLEADERS,DRAGON,4
CHEERLEADERS,EVIL QUEEN,4
CHEERLEADERS,PIG #1,4
CHEERLEADERS,PIG #2,4
CHEERLEADERS,PIGS,4
CHEERLEADERS,EVIL TREES,4
CHEERLEADERS,FIONA,4
CHEERLEADERS,KNIGHT,4
FEMALE STUDENT #1,MABEL,4
FEMALE STUDENT #1,MOTHER,4
FEMALE STUDENT #1,NANNY DWARF,4
FEMALE STUDENT #1,OGRE,4
FEMALE STUDENT #1,OGRE BABY,4
FEMALE STUDENT #1,PIG #1,4
FEMALE STUDENT #1,TEENAGER,4
MOTHER,TEENAGER,4
MOTHER,TIFFANY,4
MOTHER,VAN STUDENT,4
GRITTED TEETH,TEENAGER,4
GRITTED TEETH,TIFFANY,4
GRITTED TEETH,VAN STUDENT,4
BLIND MOUSE #1,FAIRYTALE CREATURES,4
BLIND MOUSE #1,FIONA,4
CHEERLEADERS,MABEL,4
CHEERLEADERS,MOTHER,4
CHEERLEADERS,NANNY DWARF,4
CHEERLEADERS,OGRE,4
CHEERLEADERS,OGRE BABY,4
CINDERELLA,COSTUME STUDENT 1,4
CINDERELLA,COSTUME STUDENT 2,4
CINDERELLA,CYCLOPS,4
CHEERLEADERS,GINGERBREAD MAN,4
CHEERLEADERS,GINGERBREAD MAN/PINOCCHIO,4
CHEERLEADERS,GRITTED TEETH,4
CHEERLEADERS,HALL MONITOR,4
CHEERLEADERS,RUMPLESTILTSKIN,4
CHEERLEADERS,SHIP CAPTAIN,4
CHEERLEADERS,SLEEPING BEAUTY,4
CHEERLEADERS,JOCKS,4
RUMPLESTILTSKIN,VAN STUDENT,4
RAPUNZEL,STUDENTS,4
BLIND MOUSE #1,PIG #1,4
GUARD #2,PINOCCHIO,4
FEMALE STUDENT #1,JOCKS,4
FEMALE STUDENT #1,KNIGHT,4
FEMALE STUDENT #1,LANCELOT,4
CHEERLEADERS,PRINCE CHARMING,4
CHEERLEADERS,PRINCESSES,4
CHEERLEADERS,PRINCIPAL PYNCHLEY,4
CHEERLEADERS,RAPUNZEL,4
CINDERELLA,EVIL TREES,4
CINDERELLA,FEMALE STUDENT #1,4
CINDERELLA,GARY,4
CINDERELLA,GRITTED TEETH,4
CHEERLEADERS,LANCELOT,4
FEMALE STUDENT #1,HALL MONITOR,4
NANNY DWARF,PRINCE CHARMING,4
NANNY DWARF,PRINCIPAL PYNCHLEY,4
NANNY DWARF,PUSS,4
FEMALE STUDENT #1,RAPUNZEL,4
FEMALE STUDENT #1,RUMPLESTILTSKIN,4
FEMALE STUDENT #1,SHIP CAPTAIN,4
MOTHER,PUSS,4
MOTHER,RAPUNZEL,4
MOTHER,RUMPLESTILTSKIN,4
GUARD #1,PUSS,4
GUARD #1,SHREK,4
RUMPLESTILTSKIN,STUDENTS,4
BLIND MOUSE #1,DONKEY,4
RUMPLESTILTSKIN,TEENAGER,4
RUMPLESTILTSKIN,TIFFANY,4
FEMALE STUDENT #1,GINGERBREAD MAN/PINOCCHIO,4
FEMALE STUDENT #1,GRITTED TEETH,4
PRINCIPAL PYNCHLEY,RAPUNZEL,4
PRINCIPAL PYNCHLEY,RUMPLESTILTSKIN,4
PRINCIPAL PYNCHLEY,SHIP CAPTAIN,4
CINDERELLA,DRIVERS ED INSTRUCTOR,4
CINDERELLA,EVIL QUEEN,4
CINDERELLA,GUINEVERRE,4
CINDERELLA,HALL MONITOR,4
CINDERELLA,JOCKS,4
CINDERELLA,KNIGHT,4
CINDERELLA,LANCELOT,4
CHEERLEADERS,SNOW WHITE,4
CHEERLEADERS,STUDENTS,4
CHEERLEADERS,TEENAGER,4
PRINCIPAL PYNCHLEY,PUSS,4
RAPUNZEL,XAVIER,4
RUMPLESTILTSKIN,SLEEPING BEAUTY,4
NANNY DWARF,SHREK,4
CINDERELLA,MABEL,4
CINDERELLA,MOTHER,4
CINDERELLA,OGRE,4
CINDERELLA,TIFFANY,4
CINDERELLA,VAN STUDENT,4
CINDERELLA,OGRE BABY,4
FAIRYTALE CREATURES,PUSS,4
FAIRYTALE CREATURES,SHIP CAPTAIN,4
FAIRYTALE CREATURES,SHREK,4
NANNY DWARF,STUDENTS,4
FEMALE STUDENT #1,PIG #2,4
FEMALE STUDENT #1,FIONA,4
FEMALE STUDENT #1,GINGERBREAD MAN,4
CINDERELLA,RUMPLESTILTSKIN,4
OGRE,PIG #2,4
OGRE,PIGS,4
FAIRYTALE CREATURES,PIG #1,4
FAIRYTALE CREATURES,PRINCE CHARMING,4
OGRE,PINOCCHIO,4
NANNY DWARF,RUMPLESTILTSKIN,4
NANNY DWARF,SHIP CAPTAIN,4
GUINEVERRE,MABEL,4
GUARD #2,PUSS,4
GUARD #2,SHREK,4
MOTHER,PIG #1,4
MOTHER,PIG #2,4
MOTHER,PIGS,4
MOTHER,PRINCE CHARMING,4
MOTHER,PRINCESSES,4
FAIRYTALE CREATURES,HIS EARS,4
NANNY DWARF,TEENAGER,4
NANNY DWARF,TIFFANY,4
NANNY DWARF,VAN STUDENT,4
NANNY DWARF,XAVIER,4
OGRE,PIG #1,4
CINDERELLA,SHIP CAPTAIN,4
CINDERELLA,SHREK,4
CINDERELLA,STUDENTS,4
CINDERELLA,TEENAGER,4
PRINCESSES/PUSS/DONKEY,SLEEPING BEAUTY,4
PRINCESSES/PUSS/DONKEY,SNOW WHITE,4
CINDERELLA,PRINCESSES/PUSS/DONKEY,4
CINDERELLA,PRINCIPAL PYNCHLEY,4
COSTUME STUDENT 1,EVIL QUEEN,4
COSTUME STUDENT 1,EVIL TREES,4
COSTUME STUDENT 1,OGRE,4
COSTUME STUDENT 1,OGRE BABY,4
COSTUME STUDENT 1,PIG #1,4
COSTUME STUDENT 1,PIG #2,4
CINDERELLA,XAVIER,4
COSTUME STUDENT 1,CYCLOPS,4
COSTUME STUDENT 1,DORIS,4
COSTUME STUDENT 1,DRAGON,4
COSTUME STUDENT 1,DRIVERS ED INSTRUCTOR,4
COSTUME STUDENT 1,GINGERBREAD MAN,4
COSTUME STUDENT 1,GINGERBREAD MAN/PINOCCHIO,4
COSTUME STUDENT 1,GUINEVERRE,4
COSTUME STUDENT 1,JOCKS,4
OGRE,RUMPLESTILTSKIN,4
OGRE,SHIP CAPTAIN,4
FAIRYTALE CREATURES,FIONA,4
COSTUME STUDENT 1,GARY,4
COSTUME STUDENT 1,PRINCIPAL PYNCHLEY,4
COSTUME STUDENT 1,RAPUNZEL,4
COSTUME STUDENT 1,RUMPLESTILTSKIN,4
OGRE,SLEEPING BEAUTY,4
OGRE,PRINCESSES,4
OGRE,PRINCIPAL PYNCHLEY,4
OGRE,PUSS,4
OGRE,RAPUNZEL,4
COSTUME STUDENT 1,KNIGHT,4
COSTUME STUDENT 1,LANCELOT,4
PRINCESSES,XAVIER,4
PRINCESSES/PUSS/DONKEY,PUSS,4
PRINCESSES/PUSS/DONKEY,QUEEN,4
COSTUME STUDENT 1,MOTHER,4
COSTUME STUDENT 1,NANNY DWARF,4
GUINEVERRE,PIGS,4
SHIP CAPTAIN,SLEEPING BEAUTY,4
SHIP CAPTAIN,SNOW WHITE,4
SHIP CAPTAIN,STUDENTS,4
SHIP CAPTAIN,TEENAGER,4
SHIP CAPTAIN,TIFFANY,4
SHIP CAPTAIN,VAN STUDENT,4
RUMPLESTILTSKIN,XAVIER,4
OGRE,XAVIER,4
EVIL WITCHES,PINOCCHIO,4
EVIL WITCHES,SHREK,4
COSTUME STUDENT 1,PIGS,4
COSTUME STUDENT 1,PRINCE CHARMING,4
COSTUME STUDENT 1,PRINCESSES,4
COSTUME STUDENT 1,FEMALE STUDENT #1,4
COSTUME STUDENT 1,FIONA,4
COSTUME STUDENT 1,SLEEPING BEAUTY,4
COSTUME STUDENT 1,SNOW WHITE,4
COSTUME STUDENT 1,STUDENTS,4
COSTUME STUDENT 1,MABEL,4
COSTUME STUDENT 2,GUINEVERRE,4
COSTUME STUDENT 1,TEENAGER,4
COSTUME STUDENT 1,TIFFANY,4
COSTUME STUDENT 1,VAN STUDENT,4
COSTUME STUDENT 1,XAVIER,4
MOTHER,PRINCIPAL PYNCHLEY,4
GUINEVERRE,HALL MONITOR,4
GUINEVERRE,NANNY DWARF,4
GUINEVERRE,OGRE,4
GUINEVERRE,OGRE BABY,4
GUINEVERRE,PIG #1,4
GUINEVERRE,PIG #2,4
COSTUME STUDENT 2,EVIL QUEEN,4
COSTUME STUDENT 2,NANNY DWARF,4
COSTUME STUDENT 2,OGRE,4
COSTUME STUDENT 2,OGRE BABY,4
COSTUME STUDENT 2,PIG #1,4
COSTUME STUDENT 2,PIG #2,4
COSTUME STUDENT 2,EVIL TREES,4
OGRE BABY,PIG #2,4
OGRE BABY,PIGS,4
EVIL WITCHES,GUARD #2,4
OGRE,SNOW WHITE,4
OGRE,STUDENTS,4
OGRE,TEENAGER,4
OGRE,TIFFANY,4
OGRE,VAN STUDENT,4
COSTUME STUDENT 1,SHIP CAPTAIN,4
EVIL TREES,XAVIER,4
EVIL WITCHES,PUSS,4
OGRE BABY,PIG #1,4
COSTUME STUDENT 2,FEMALE STUDENT #1,4
COSTUME STUDENT 2,FIONA,4
COSTUME STUDENT 2,GARY,4
COSTUME STUDENT 2,GINGERBREAD MAN,4
COSTUME STUDENT 2,GINGERBREAD MAN/PINOCCHIO,4
PRINCESSES,SHREK,4
PRINCESSES,STUDENTS,4
PRINCESSES,TEENAGER,4
PRINCESSES,TIFFANY,4
COSTUME STUDENT 2,CYCLOPS,4
COSTUME STUDENT 2,DORIS,4
COSTUME STUDENT 2,DRAGON,4
COSTUME STUDENT 2,DRIVERS ED INSTRUCTOR,4
COSTUME STUDENT 2,XAVIER,4
EVIL TREES,SHIP CAPTAIN,4
PRINCESSES,VAN STUDENT,4
COSTUME STUDENT 2,JOCKS,4
COSTUME STUDENT 2,KNIGHT,4
COSTUME STUDENT 2,LANCELOT,4
COSTUME STUDENT 2,MABEL,4
COSTUME STUDENT 2,MOTHER,4
COSTUME STUDENT 2,PRINCESSES,4
COSTUME STUDENT 2,PRINCIPAL PYNCHLEY,4
COSTUME STUDENT 2,RAPUNZEL,4
COSTUME STUDENT 2,RUMPLESTILTSKIN,4
EVIL TREES,TEENAGER,4
EVIL TREES,TIFFANY,4
EVIL TREES,VAN STUDENT,4
EVIL TREES,WOLF,4
SHIP CAPTAIN,SHOUTING,4
GUINEVERRE,SLEEPING BEAUTY,4
GUINEVERRE,SNOW WHITE,4
GUINEVERRE,TEENAGER,4
EVIL TREES,PIGS,4
EVIL TREES,PINOCCHIO,4
EVIL WITCHES,GUARD #1,4
EVIL TREES,PRINCESSES,4
EVIL TREES,PRINCIPAL PYNCHLEY,4
COSTUME STUDENT 2,SHIP CAPTAIN,4
PRINCESSES,RUMPLESTILTSKIN,4
PRINCESSES,SHIP CAPTAIN,4
COSTUME STUDENT 2,STUDENTS,4
COSTUME STUDENT 2,TEENAGER,4
COSTUME STUDENT 2,TIFFANY,4
COSTUME STUDENT 2,VAN STUDENT,4
CYCLOPS,DRIVERS ED INSTRUCTOR,4
COSTUME STUDENT 2,PIGS,4
COSTUME STUDENT 2,PRINCE CHARMING,4
CYCLOPS,FEMALE STUDENT #1,4
EVIL TREES,NANNY DWARF,4
EVIL TREES,OGRE,4
EVIL TREES,OGRE BABY,4
EVIL TREES,PIG #2,4
GUINEVERRE,PRINCE CHARMING,4
GUINEVERRE,PRINCESSES,4
MOTHER,NANNY DWARF,4
MOTHER,OGRE,4
MOTHER,OGRE BABY,4
GUINEVERRE,RAPUNZEL,4
GUINEVERRE,RUMPLESTILTSKIN,4
GUINEVERRE,SHIP CAPTAIN,4
HALL MONITOR,MABEL,4
HALL MONITOR,MOTHER,4
HALL MONITOR,NANNY DWARF,4
EVIL TREES,LANCELOT,4
EVIL TREES,MOTHER,4
CYCLOPS,GARY,4
CYCLOPS,GINGERBREAD MAN/PINOCCHIO,4
CYCLOPS,GRITTED TEETH,4
COSTUME STUDENT 2,SLEEPING BEAUTY,4
COSTUME STUDENT 2,SNOW WHITE,4
CYCLOPS,QUIETLY,4
CYCLOPS,GUINEVERRE,4
CYCLOPS,HALL MONITOR,4
CYCLOPS,JOCKS,4
CYCLOPS,KNIGHT,4
CYCLOPS,DRAGON,4
CYCLOPS,OGRE BABY,4
CYCLOPS,PIGS,4
EVIL TREES,GUINEVERRE,4
EVIL TREES,HALL MONITOR,4
EVIL TREES,JOCKS,4
EVIL TREES,KNIGHT,4
OGRE BABY,PRINCE CHARMING,4
EVIL TREES,SLEEPING BEAUTY,4
EVIL TREES,STUDENTS,4
GUINEVERRE,MOTHER,4
HALL MONITOR,PRINCIPAL PYNCHLEY,4
HALL MONITOR,JOCKS,4
SHIP CAPTAIN,XAVIER,4
SHOUTING,SHREK,4
HALL MONITOR,KNIGHT,4
HALL MONITOR,LANCELOT,4
SLEEPING BEAUTY,VAN STUDENT,4
ARTIE,TEENAGER,4
ARTIE,TIFFANY,4
ARTIE,VAN STUDENT,4
SHREK,SLEEPING BEAUTY,4
CYCLOPS,PUPPET MASTER,4
DONKEY,EVIL WITCHES,4
DONKEY,FAIRYTALE CREATURES,4
CYCLOPS,SCRIPT,4
CYCLOPS,LANCELOT,4
CYCLOPS,MOTHER,4
CYCLOPS,MUFFIN MAN,4
CYCLOPS,NANNY DWARF,4
CYCLOPS,OGRE,4
CYCLOPS,TIFFANY,4
CYCLOPS,VAN STUDENT,4
CYCLOPS,SLEEPING BEAUTY,4
CYCLOPS,STUDENTS,4
CYCLOPS,TEACHER,4
CYCLOPS,TEENAGER,4
DONKEY,HIS EARS,4
CYCLOPS,XAVIER,4
CYCLOPS,PRINCESSES,4
CYCLOPS,PRINCIPAL PYNCHLEY,4
HALL MONITOR,STUDENTS,4
HALL MONITOR,TEENAGER,4
HALL MONITOR,TIFFANY,4
HALL MONITOR,VAN STUDENT,4
HALL MONITOR,OGRE,4
HALL MONITOR,OGRE BABY,4
SLEEPING BEAUTY,TEENAGER,4
SLEEPING BEAUTY,TIFFANY,4
ARTIE,WIZARD HEAD,4
ARTIE,XAVIER,4
ARTIE,GUARD #1,4
ARTIE,GUARD #2,4
DONKEY,EVIL DWARF #1,4
DONKEY,PIG #2,4
DONKEY,PIGS,4
DONKEY,PIRATES,4
ARTIE,SHOUTING,4
ARTIE,SLEEPING BEAUTY,4
SHREK,WIZARD HEAD,4
SLEEPING BEAUTY,STUDENTS,4
HALL MONITOR,PIG #1,4
HALL MONITOR,PIG #2,4
HALL MONITOR,PIGS,4
HALL MONITOR,PRINCE CHARMING,4
EVIL TREES,GINGERBREAD MAN/PINOCCHIO,4
EVIL TREES,GRITTED TEETH,4
DONKEY,GINGERBREAD MAN/PINOCCHIO,4
DONKEY,GUARD #1,4
DONKEY,GUARD #2,4
PRINCE CHARMING,VAN STUDENT,4
PRINCE CHARMING,XAVIER,4
PRINCESSES,PRINCESSES/PUSS/DONKEY,4
PRINCESSES,PRINCIPAL PYNCHLEY,4
HALL MONITOR,PRINCESSES,4
HALL MONITOR,XAVIER,4
ARTIE,OGRE,4
ARTIE,OGRE BABY,4
ARTIE,PIG #2,4
ARTIE,PIGS,4
ARTIE,PIRATES,4
DONKEY,OGRE BABY,4
DONKEY,SHOUTING,4
OGRE BABY,SHIP CAPTAIN,4
OGRE BABY,SLEEPING BEAUTY,4
EVIL TREES,FEMALE STUDENT #1,4
ARTIE,HALL MONITOR,4
ARTIE,JOCKS,4
ARTIE,KNIGHT,4
ARTIE,MOTHER,4
ARTIE,NANNY DWARF,4
HALL MONITOR,RAPUNZEL,4
HALL MONITOR,RUMPLESTILTSKIN,4
HALL MONITOR,SHIP CAPTAIN,4
HALL MONITOR,SLEEPING BEAUTY,4
HALL MONITOR,SNOW WHITE,4
EVIL TREES,GARY,4
PRINCE CHARMING,TIFFANY,4
DONKEY,WIZARD HEAD,4
DORIS,DRIVERS ED INSTRUCTOR,4
PRINCESSES,QUEEN,4
MERLIN,RUMPLESTILTSKIN,4
ARTIE,EVIL DWARF #1,4
ARTIE,EVIL WITCHES,4
ARTIE,PRINCESSES,4
ARTIE,FEMALE STUDENT #1,4
ARTIE,GARY,4
ARTIE,GINGERBREAD MAN/PINOCCHIO,4
ARTIE,GRITTED TEETH,4
MERLIN,WIZARD HEAD,4
DONKEY,MOTHER,4
DONKEY,NANNY DWARF,4
DONKEY,OGRE,4
DORIS,EVIL QUEEN,4
DONKEY,PRINCESSES/PUSS/DONKEY,4
DORIS,FEMALE STUDENT #1,4
DORIS,GARY,4
MERLIN,WOLF,4
MERLIN,PINOCCHIO,4
MERLIN,PRINCE CHARMING,4
ARTIE,BODY,4
ARTIE,BY A MONSTER TRYING TO RELATE TO,4
ARTIE,CHEERLEADERS,4
ARTIE,CINDERELLA,4
ARTIE,COSTUME STUDENT 1,4
ARTIE,COSTUME STUDENT 2,4
PRINCE CHARMING,STUDENTS,4
PRINCE CHARMING,TEACHER,4
PRINCE CHARMING,TEENAGER,4
MABEL,QUEEN,4
OGRE BABY,TIFFANY,4
OGRE BABY,VAN STUDENT,4
DORIS,GRITTED TEETH,4
DORIS,GUINEVERRE,4
DORIS,HALL MONITOR,4
DORIS,SHIP CAPTAIN,4
DORIS,JOCKS,4
DORIS,KNIGHT,4
DORIS,LANCELOT,4
OGRE BABY,XAVIER,4
OGRE BABY,PRINCESSES,4
OGRE BABY,PRINCIPAL PYNCHLEY,4
OGRE BABY,PUSS,4
OGRE BABY,RAPUNZEL,4
OGRE BABY,RUMPLESTILTSKIN,4
DORIS,XAVIER,4
DRAGON,DRIVERS ED INSTRUCTOR,4
OGRE BABY,SNOW WHITE,4
OGRE BABY,STUDENTS,4
OGRE BABY,TEENAGER,4
ARTIE,DRIVERS ED INSTRUCTOR,4
MERLIN,PUSS,4
MERLIN,RAPUNZEL,4
MABEL,TEENAGER,4
MABEL,TIFFANY,4
MABEL,VAN STUDENT,4
MABEL,WOLF,4
MABEL,XAVIER,4
ANNOUNCER,MABEL,4
MERLIN,PIG #1,4
MABEL,PUPPET MASTER,4
DORIS,PRINCIPAL PYNCHLEY,4
DRAGON,GRITTED TEETH,4
DRAGON,GUINEVERRE,4
DRAGON,HALL MONITOR,4
DORIS,MOTHER,4
ANNOUNCER,PRINCE CHARMING,4
SLEEPING BEAUTY,XAVIER,4
SNOW WHITE,STUDENTS,4
SNOW WHITE,TEACHER,4
ANNOUNCER,RAPUNZEL,4
ANNOUNCER,RUMPLESTILTSKIN,4
MABEL,SLEEPING BEAUTY,4
HIS EARS,PIG #1,4
MABEL,STUDENTS,4
DORIS,OGRE,4
DORIS,OGRE BABY,4
DORIS,TIFFANY,4
DORIS,VAN STUDENT,4
PRINCE CHARMING,QUIETLY,4
PRINCE CHARMING,SCRIPT,4
MABEL,PIG #2,4
MABEL,PIGS,4
MABEL,PINOCCHIO,4
HIS EARS,PUSS,4
HIS EARS,SHIP CAPTAIN,4
HIS EARS,SHREK,4
MABEL,PRINCESSES,4
MABEL,PRINCIPAL PYNCHLEY,4
LANCELOT,TIFFANY,4
LANCELOT,VAN STUDENT,4
STUDENTS,TIFFANY,4
DORIS,PRINCESSES/PUSS/DONKEY,4
SNOW WHITE,TEENAGER,4
SNOW WHITE,TIFFANY,4
SNOW WHITE,VAN STUDENT,4
SNOW WHITE,XAVIER,4
PIG #1,VAN STUDENT,4
PIG #1,PRINCIPAL PYNCHLEY,4
PRINCE CHARMING,SLEEPING BEAUTY,4
DRAGON,EVIL TREES,4
DRAGON,FEMALE STUDENT #1,4
DRAGON,GARY,4
DRAGON,MERLIN,4
DRAGON,MOTHER,4
DRAGON,OGRE,4
DRAGON,OGRE BABY,4
DORIS,STUDENTS,4
DORIS,TEENAGER,4
PIG #2,PUSS,4
PIG #1,STUDENTS,4
PIG #1,TEACHER,4
PRINCE CHARMING,PRINCESSES,4
PRINCE CHARMING,PRINCIPAL PYNCHLEY,4
PRINCE CHARMING,PUPPET MASTER,4
DRAGON,PRINCIPAL PYNCHLEY,4
PIG #1,TEENAGER,4
PIG #1,TIFFANY,4
LANCELOT,XAVIER,4
MABEL,MOTHER,4
MABEL,NANNY DWARF,4
MABEL,OGRE,4
MABEL,OGRE BABY,4
LANCELOT,RAPUNZEL,4
LANCELOT,RUMPLESTILTSKIN,4
LANCELOT,PIG #1,4
LANCELOT,PIG #2,4
LANCELOT,PIGS,4
ALL,WOLF,4
PIG #2,PINOCCHIO,4
DRAGON,SHIP CAPTAIN,4
DRAGON,JOCKS,4
DRAGON,KNIGHT,4
DRAGON,LANCELOT,4
DRAGON,MABEL,4
DRAGON,STUDENTS,4
DRAGON,TEENAGER,4
DRAGON,TIFFANY,4
DRAGON,VAN STUDENT,4
DRAGON,WOLF,4
PIG #2,PRINCIPAL PYNCHLEY,4
DRIVERS ED INSTRUCTOR,GINGERBREAD MAN/PINOCCHIO,4
PIG #2,STUDENTS,4
PIG #2,TEACHER,4
PIG #2,TEENAGER,4
PIG #2,TIFFANY,4
PIG #2,VAN STUDENT,4
PIG #1,XAVIER,4
STUDENTS,TEENAGER,4
LANCELOT,SHIP CAPTAIN,4
LANCELOT,SLEEPING BEAUTY,4
LANCELOT,SNOW WHITE,4
JOCKS,PIG #2,4
JOCKS,PIGS,4
LANCELOT,NANNY DWARF,4
LANCELOT,OGRE,4
LANCELOT,OGRE BABY,4
DRIVERS ED INSTRUCTOR,PIGS,4
DRIVERS ED INSTRUCTOR,GRITTED TEETH,4
DRIVERS ED INSTRUCTOR,HALL MONITOR,4
DRIVERS ED INSTRUCTOR,RAPUNZEL,4
DRIVERS ED INSTRUCTOR,RUMPLESTILTSKIN,4
DRIVERS ED INSTRUCTOR,SHIP CAPTAIN,4
DRIVERS ED INSTRUCTOR,JOCKS,4
DRIVERS ED INSTRUCTOR,KNIGHT,4
DRIVERS ED INSTRUCTOR,LANCELOT,4
DRAGON,XAVIER,4
DRIVERS ED INSTRUCTOR,EVIL QUEEN,4
DRAGON,PINOCCHIO,4
DRIVERS ED INSTRUCTOR,PIG #2,4
DRIVERS ED INSTRUCTOR,EVIL TREES,4
DRIVERS ED INSTRUCTOR,FIONA,4
DRIVERS ED INSTRUCTOR,GINGERBREAD MAN,4
PIG #2,SHREK,4
DRIVERS ED INSTRUCTOR,MABEL,4
DRIVERS ED INSTRUCTOR,MOTHER,4
DRIVERS ED INSTRUCTOR,NANNY DWARF,4
DRIVERS ED INSTRUCTOR,OGRE,4
DRIVERS ED INSTRUCTOR,OGRE BABY,4
DRIVERS ED INSTRUCTOR,PIG #1,4
LANCELOT,PRINCE CHARMING,4
LANCELOT,PRINCESSES,4
JOCKS,RUMPLESTILTSKIN,4
JOCKS,SHIP CAPTAIN,4
ALL,RUMPLESTILTSKIN,4
ALL,SHIP CAPTAIN,4
ALL,SHOUTING,4
ANNOUNCER,EVIL TREES,4
JOCKS,MABEL,4
EVIL QUEEN,PRINCIPAL PYNCHLEY,4
EVIL QUEEN,PUPPET MASTER,4
EVIL QUEEN,QUEEN,4
EVIL QUEEN,SLEEPING BEAUTY,4
EVIL QUEEN,SNOW WHITE,4
DRIVERS ED INSTRUCTOR,PRINCE CHARMING,4
DRIVERS ED INSTRUCTOR,PRINCESSES,4
DRIVERS ED INSTRUCTOR,PRINCIPAL PYNCHLEY,4
PIRATES,SHREK,4
EVIL QUEEN,STUDENTS,4
EVIL QUEEN,TEENAGER,4
EVIL QUEEN,TIFFANY,4
EVIL QUEEN,VAN STUDENT,4
EVIL QUEEN,WOLF,4
PIG #2,RUMPLESTILTSKIN,4
PIG #2,SHIP CAPTAIN,4
EVIL QUEEN,MERLIN,4
EVIL QUEEN,MOTHER,4
EVIL QUEEN,NANNY DWARF,4
EVIL QUEEN,OGRE,4
EVIL QUEEN,XAVIER,4
EVIL QUEEN,OGRE BABY,4
EVIL QUEEN,PIG #2,4
EVIL QUEEN,PIGS,4
EVIL QUEEN,PINOCCHIO,4
DRIVERS ED INSTRUCTOR,SLEEPING BEAUTY,4
DRIVERS ED INSTRUCTOR,SNOW WHITE,4
DRIVERS ED INSTRUCTOR,STUDENTS,4
DRIVERS ED INSTRUCTOR,TEENAGER,4
EVIL DWARF #1,GUARD #1,4
EVIL DWARF #1,GUARD #2,4
EVIL QUEEN,PRINCESSES,4
JOCKS,XAVIER,4
ALL,PIG #1,4
ALL,PINOCCHIO,4
ALL,PRINCE CHARMING,4
ALL,RAPUNZEL,4
JOCKS,PRINCE CHARMING,4
JOCKS,PRINCESSES,4
EVIL QUEEN,GINGERBREAD MAN,4
EVIL QUEEN,GINGERBREAD MAN/PINOCCHIO,4
EVIL QUEEN,GRITTED TEETH,4
EVIL QUEEN,GUINEVERRE,4
EVIL QUEEN,HALL MONITOR,4
EVIL QUEEN,JOCKS,4
EVIL QUEEN,KNIGHT,4
EVIL DWARF #1,SHREK,4
EVIL QUEEN,LANCELOT,4
PIG #2,WOLF,4
PIG #2,XAVIER,4
EVIL KNIGHT #1,RAPUNZEL,4
EVIL KNIGHT #1,RUMPLESTILTSKIN,4
EVIL QUEEN,EVIL TREES,4
EVIL QUEEN,FEMALE STUDENT #1,4
EVIL DWARF #1,EVIL WITCHES,4
EVIL DWARF #1,PINOCCHIO,4
EVIL QUEEN,GARY,4
JOCKS,MOTHER,4
JOCKS,NANNY DWARF,4
JOCKS,OGRE,4
JOCKS,OGRE BABY,4
JOCKS,PIG #1,4
JOCKS,TIFFANY,4
JOCKS,VAN STUDENT,4
ALL,CAPTAIN HOOK,4
KNIGHT,VAN STUDENT,4
KNIGHT,XAVIER,4
ALL,MERLIN,4
LANCELOT,MABEL,4
LANCELOT,MOTHER,4
JOCKS,SLEEPING BEAUTY,4
JOCKS,SNOW WHITE,4
JOCKS,STUDENTS,4
KNIGHT,SHIP CAPTAIN,4
TEENAGER,VAN STUDENT,4
ALL,EVIL QUEEN,4
PINOCCHIO,QUEEN,4
KNIGHT,NANNY DWARF,4
PIGS,SHIP CAPTAIN,4
PIGS,PRINCE CHARMING,4
KNIGHT,RAPUNZEL,4
TEENAGER,TIFFANY,4
TEACHER,WOLF,4
KNIGHT,PIGS,4
KNIGHT,PRINCE CHARMING,4
TEENAGER,XAVIER,4
ALL,DRAGON,4
PIGS,XAVIER,4
EVIL KNIGHT #1,MABEL,4
EVIL KNIGHT #1,EVIL TREES,4
KNIGHT,OGRE,4
KNIGHT,OGRE BABY,4
KNIGHT,PIG #1,4
KNIGHT,PIG #2,4
KNIGHT,SLEEPING BEAUTY,4
KNIGHT,SNOW WHITE,4
ALL,ANNOUNCER,3
TEENAGER,WIZARD HEAD,3
TEACHER,XAVIER,3
TEACHER,WIZARD HEAD,3
TEACHER,VAN STUDENT,3
TEACHER,TIFFANY,3
VILLAINS,WOLF,3
WIZARD HEAD,WOLF,3
WIZARD HEAD,XAVIER,3
KNIGHT,PINOCCHIO,3
KNIGHT,PIRATES,3
ALL,GUARD #1,3
ALL,GRITTED TEETH,3
ALL,GINGERBREAD MAN/PINOCCHIO,3
ALL,GINGERBREAD MAN,3
ALL,GARY,3
KNIGHT,QUIETLY,3
KNIGHT,QUEEN,3
KNIGHT,PRINCESSES/PUSS/DONKEY,3
KNIGHT,MUFFIN MAN,3
KNIGHT,MERLIN,3
KNIGHT,SHOUTING,3
KNIGHT,SCRIPT,3
JOCKS,TEACHER,3
LANCELOT,MUFFIN MAN,3
LANCELOT,MERLIN,3
ALL,OGRE BABY,3
EVIL DWARF #1,TEENAGER,3
EVIL DWARF #1,TEACHER,3
EVIL DWARF #1,STUDENTS,3
PIGS,TEACHER,3
PIGS,SHOUTING,3
PINOCCHIO,SLEEPING BEAUTY,3
PINOCCHIO,SHOUTING,3
PINOCCHIO,SHIP CAPTAIN,3
PINOCCHIO,SCRIPT,3
PINOCCHIO,QUIETLY,3
PINOCCHIO,PRINCIPAL PYNCHLEY,3
PINOCCHIO,PRINCESSES/PUSS/DONKEY,3
PINOCCHIO,PRINCESSES,3
EVIL DWARFS,SNOW WHITE,3
EVIL DWARFS,SHREK,3
EVIL DWARFS,RUMPLESTILTSKIN,3
EVIL DWARFS,RAPUNZEL,3
EVIL DWARFS,PUSS,3
PINOCCHIO,PIRATES,3
PIGS,WOLF,3
PIGS,WIZARD HEAD,3
PINOCCHIO,TEENAGER,3
EVIL DWARFS,PRINCE CHARMING,3
EVIL DWARFS,PINOCCHIO,3
EVIL DWARFS,PIG #1,3
EVIL DWARFS,MABEL,3
PINOCCHIO,STUDENTS,3
EVIL DWARF #1,XAVIER,3
EVIL DWARF #1,WOLF,3
EVIL DWARF #1,WIZARD HEAD,3
EVIL DWARF #1,VAN STUDENT,3
EVIL DWARF #1,TIFFANY,3
EVIL DWARF #1,QUIETLY,3
EVIL DWARF #1,QUEEN,3
PIGS,QUIETLY,3
PIGS,QUEEN,3
PIGS,PRINCESSES/PUSS/DONKEY,3
EVIL KNIGHT #1,GARY,3
EVIL KNIGHT #1,FEMALE STUDENT #1,3
EVIL KNIGHT #1,EVIL WITCHES,3
EVIL KNIGHT #1,EVIL QUEEN,3
EVIL DWARFS,WOLF,3
EVIL KNIGHT #1,MUFFIN MAN,3
EVIL KNIGHT #1,MOTHER,3
EVIL KNIGHT #1,MERLIN,3
EVIL KNIGHT #1,LANCELOT,3
EVIL KNIGHT #1,KNIGHT,3
EVIL KNIGHT #1,JOCKS,3
EVIL KNIGHT #1,GUARD #1,3
EVIL KNIGHT #1,GRITTED TEETH,3
EVIL KNIGHT #1,GINGERBREAD MAN/PINOCCHIO,3
PIGS,SCRIPT,3
EVIL DWARF #1,SNOW WHITE,3
EVIL DWARF #1,SLEEPING BEAUTY,3
EVIL DWARFS,GINGERBREAD MAN,3
EVIL DWARFS,FIONA,3
PIRATES,QUEEN,3
PIRATES,PRINCIPAL PYNCHLEY,3
PIRATES,PRINCESSES/PUSS/DONKEY,3
EVIL DWARF #1,SHOUTING,3
EVIL DWARF #1,SHIP CAPTAIN,3
EVIL DWARF #1,SCRIPT,3
EVIL DWARF #1,RUMPLESTILTSKIN,3
EVIL DWARF #1,RAPUNZEL,3
EVIL KNIGHT #1,SHIP CAPTAIN,3
EVIL KNIGHT #1,SCRIPT,3
EVIL KNIGHT #1,QUIETLY,3
PIGS,PIRATES,3
PIGS,PINOCCHIO,3
PIG #2,WIZARD HEAD,3
EVIL KNIGHT #1,PRINCIPAL PYNCHLEY,3
EVIL KNIGHT #1,PRINCESSES/PUSS/DONKEY,3
EVIL KNIGHT #1,PRINCESSES,3
EVIL KNIGHT #1,PIRATES,3
EVIL KNIGHT #1,PIGS,3
EVIL KNIGHT #1,PIG #2,3
EVIL KNIGHT #1,OGRE BABY,3
EVIL KNIGHT #1,HALL MONITOR,3
EVIL KNIGHT #1,GUINEVERRE,3
EVIL KNIGHT #1,GUARD #2,3
EVIL DWARF #1,OGRE,3
EVIL DWARF #1,NANNY DWARF,3
EVIL QUEEN,FAIRYTALE CREATURES,3
EVIL QUEEN,EVIL WITCHES,3
EVIL QUEEN,EVIL TREE #2,3
EVIL QUEEN,EVIL TREE #1,3
EVIL KNIGHT #1,XAVIER,3
EVIL KNIGHT #1,OGRE,3
EVIL KNIGHT #1,NANNY DWARF,3
EVIL KNIGHT #1,VAN STUDENT,3
EVIL KNIGHT #1,TIFFANY,3
EVIL KNIGHT #1,TEENAGER,3
EVIL KNIGHT #1,TEACHER,3
EVIL KNIGHT #1,STUDENTS,3
EVIL KNIGHT #1,SLEEPING BEAUTY,3
EVIL KNIGHT #1,SHOUTING,3
EVIL QUEEN,HEADLESS HORSEMAN,3
EVIL KNIGHT #1,QUEEN,3
EVIL QUEEN,GUARD #2,3
EVIL QUEEN,GUARD #1,3
EVIL DWARF #1,PRINCIPAL PYNCHLEY,3
EVIL DWARF #1,PRINCESSES/PUSS/DONKEY,3
EVIL DWARF #1,PRINCESSES,3
EVIL DWARF #1,PRINCE CHARMING,3
EVIL DWARF #1,PIRATES,3
EVIL DWARFS,EVIL TREES,3
EVIL DWARFS,EVIL KNIGHT #1,3
EVIL DWARF #1,EVIL TREES,3
EVIL DWARF #1,PIGS,3
EVIL DWARF #1,PIG #2,3
EVIL DWARF #1,PIG #1,3
EVIL DWARF #1,OGRE BABY,3
EVIL DWARF #1,MOTHER,3
EVIL DWARF #1,MERLIN,3
EVIL DWARF #1,MABEL,3
EVIL DWARF #1,LANCELOT,3
EVIL DWARF #1,KNIGHT,3
EVIL DWARF #1,JOCKS,3
PIRATES,SHOUTING,3
PIRATES,SHIP CAPTAIN,3
PIRATES,SCRIPT,3
PIRATES,RUMPLESTILTSKIN,3
PIRATES,RAPUNZEL,3
PIRATES,QUIETLY,3
EVIL DWARF #1,HALL MONITOR,3
EVIL DWARF #1,GUINEVERRE,3
EVIL QUEEN,HOOK,3
EVIL QUEEN,HIS EARS,3
EVIL TREE #1,HOOK,3
EVIL QUEEN,QUIETLY,3
EVIL QUEEN,PRINCESSES/PUSS/DONKEY,3
EVIL DWARF #1,GRITTED TEETH,3
EVIL DWARF #1,GINGERBREAD MAN/PINOCCHIO,3
EVIL DWARF #1,GINGERBREAD MAN,3
EVIL DWARF #1,GARY,3
EVIL DWARF #1,FIONA,3
EVIL DWARF #1,FEMALE STUDENT #1,3
DRIVERS ED INSTRUCTOR,TEACHER,3
PIRATES,WIZARD HEAD,3
EVIL QUEEN,PIRATES,3
EVIL QUEEN,OTHER PIRATES,3
EVIL KNIGHT #1,WIZARD HEAD,3
EVIL QUEEN,MUFFIN MAN,3
EVIL DWARF #1,MUFFIN MAN,3
EVIL QUEEN,WIZARD HEAD,3
EVIL QUEEN,VILLAINS,3
EVIL QUEEN,TEACHER,3
PIRATES,VAN STUDENT,3
PIRATES,TIFFANY,3
PIRATES,TEENAGER,3
PIRATES,TEACHER,3
PIRATES,STUDENTS,3
PIRATES,SNOW WHITE,3
PIRATES,SLEEPING BEAUTY,3
DRIVERS ED INSTRUCTOR,QUIETLY,3
DRIVERS ED INSTRUCTOR,QUEEN,3
DRIVERS ED INSTRUCTOR,PRINCESSES/PUSS/DONKEY,3
DRIVERS ED INSTRUCTOR,PIRATES,3
EVIL QUEEN,SHOUTING,3
EVIL QUEEN,SCRIPT,3
DRAGON,PIRATES,3
DRIVERS ED INSTRUCTOR,EVIL KNIGHT #1,3
DRIVERS ED INSTRUCTOR,EVIL DWARF #1,3
DRIVERS ED INSTRUCTOR,SHOUTING,3
DRIVERS ED INSTRUCTOR,SCRIPT,3
DRIVERS ED INSTRUCTOR,GUARD #2,3
DRIVERS ED INSTRUCTOR,GUARD #1,3
DRIVERS ED INSTRUCTOR,PINOCCHIO,3
EVIL DWARF #1,EVIL QUEEN,3
EVIL DWARF #1,EVIL KNIGHT #1,3
DRIVERS ED INSTRUCTOR,WOLF,3
DRIVERS ED INSTRUCTOR,WIZARD HEAD,3
DRIVERS ED INSTRUCTOR,MUFFIN MAN,3
DRIVERS ED INSTRUCTOR,MERLIN,3
PIG #2,SHOUTING,3
PIG #2,SCRIPT,3
EVIL TREE #1,PINOCCHIO,3
EVIL TREE #1,PIG #1,3
EVIL TREE #1,OTHER PIRATES,3
EVIL TREE #1,MERLIN,3
DRAGON,WIZARD HEAD,3
DRAGON,VILLAINS,3
DRAGON,TEACHER,3
DRAGON,HOOK,3
DRAGON,SHOUTING,3
DRAGON,SCRIPT,3
PIG #2,PRINCESSES/PUSS/DONKEY,3
PIG #2,PIRATES,3
EVIL TREE #1,HEADLESS HORSEMAN,3
EVIL TREE #1,FIONA,3
EVIL TREE #1,EVIL TREE #2,3
DRIVERS ED INSTRUCTOR,EVIL WITCHES,3
PIG #1,VILLAINS,3
EVIL TREE #1,SHREK,3
EVIL TREE #1,RUMPLESTILTSKIN,3
EVIL TREE #1,RAPUNZEL,3
DRAGON,QUIETLY,3
DRAGON,QUEEN,3
DRAGON,PRINCESSES/PUSS/DONKEY,3
PRINCE CHARMING,PRINCESSES/PUSS/DONKEY,3
PIRATES,XAVIER,3
PIRATES,WOLF,3
EVIL TREE #1,PUSS,3
EVIL TREE #1,PRINCE CHARMING,3
EVIL TREE #2,FIONA,3
EVIL TREE #1,WOLF,3
EVIL TREE #1,VILLAINS,3
PIG #2,QUIETLY,3
EVIL TREE #2,OTHER PIRATES,3
OTHER PIRATES,SHREK,3
PIG #1,SHOUTING,3
PIG #1,SCRIPT,3
PIG #1,QUIETLY,3
DRAGON,OTHER PIRATES,3
DRAGON,MUFFIN MAN,3
DRAGON,EVIL WITCHES,3
DRAGON,EVIL TREE #2,3
DRAGON,EVIL TREE #1,3
PIG #1,PUPPET MASTER,3
PIG #1,PRINCESSES/PUSS/DONKEY,3
EVIL TREE #2,MERLIN,3
EVIL TREE #2,HOOK,3
EVIL TREE #2,HEADLESS HORSEMAN,3
PIG #1,WIZARD HEAD,3
DRAGON,EVIL DWARF #1,3
DORIS,MUFFIN MAN,3
DORIS,MERLIN,3
DRAGON,HEADLESS HORSEMAN,3
DRAGON,GUARD #2,3
DRAGON,GUARD #1,3
DORIS,QUIETLY,3
PRINCE CHARMING,SHOUTING,3
DORIS,WIZARD HEAD,3
DORIS,TEACHER,3
EVIL TREE #2,RUMPLESTILTSKIN,3
EVIL TREE #2,RAPUNZEL,3
EVIL TREE #2,PUSS,3
EVIL TREE #2,PRINCE CHARMING,3
EVIL TREE #2,PINOCCHIO,3
EVIL TREE #2,PIG #1,3
OTHER PIRATES,PINOCCHIO,3
OTHER PIRATES,PIG #1,3
OGRE BABY,WOLF,3
DORIS,SHOUTING,3
DORIS,SCRIPT,3
DONKEY,TEACHER,3
DORIS,GUARD #2,3
DORIS,GUARD #1,3
OGRE BABY,WIZARD HEAD,3
OGRE BABY,TEACHER,3
EVIL TREES,EVIL WITCHES,3
PIG #1,PIRATES,3
OTHER PIRATES,WOLF,3
OTHER PIRATES,VILLAINS,3
DORIS,PIRATES,3
DRAGON,EVIL KNIGHT #1,3
DONKEY,SCRIPT,3
DONKEY,QUIETLY,3
DONKEY,OTHER PIRATES,3
DONKEY,MUFFIN MAN,3
DONKEY,VILLAINS,3
DORIS,EVIL WITCHES,3
DONKEY,PUPPET MASTER,3
DORIS,EVIL DWARFS,3
DORIS,EVIL DWARF #1,3
OGRE BABY,QUIETLY,3
OGRE BABY,QUEEN,3
OGRE BABY,PRINCESSES/PUSS/DONKEY,3
OTHER PIRATES,RUMPLESTILTSKIN,3
OTHER PIRATES,RAPUNZEL,3
OTHER PIRATES,PUSS,3
OTHER PIRATES,PRINCE CHARMING,3
CYCLOPS,PRINCESSES/PUSS/DONKEY,3
CYCLOPS,PIRATES,3
DONKEY,HOOK,3
CYCLOPS,SHOUTING,3
DONKEY,EVIL TREE #2,3
DONKEY,EVIL TREE #1,3
DONKEY,EVIL DWARFS,3
PRINCE CHARMING,WIZARD HEAD,3
PRINCE CHARMING,VILLAINS,3
DONKEY,HEADLESS HORSEMAN,3
EVIL TREES,PIRATES,3
EVIL TREE #2,WOLF,3
EVIL TREE #2,VILLAINS,3
EVIL TREE #2,SHREK,3
OGRE BABY,SHOUTING,3
OGRE BABY,SCRIPT,3
EVIL TREES,MUFFIN MAN,3
CYCLOPS,FAIRYTALE CREATURES,3
CYCLOPS,EVIL WITCHES,3
CYCLOPS,EVIL DWARFS,3
COSTUME STUDENT 2,PIRATES,3
COSTUME STUDENT 2,PINOCCHIO,3
CYCLOPS,HIS EARS,3
CYCLOPS,GUARD #2,3
CYCLOPS,GUARD #1,3
EVIL TREES,MERLIN,3
OGRE BABY,PIRATES,3
EVIL TREES,GUARD #2,3
EVIL TREES,GUARD #1,3
CYCLOPS,WIZARD HEAD,3
CYCLOPS,EVIL DWARF #1,3
CYCLOPS,MERLIN,3
EVIL TREES,SHOUTING,3
EVIL TREES,SCRIPT,3
EVIL TREES,QUIETLY,3
EVIL TREES,QUEEN,3
COSTUME STUDENT 2,WOLF,3
COSTUME STUDENT 2,WIZARD HEAD,3
COSTUME STUDENT 2,TEACHER,3
PRINCESSES,SCRIPT,3
PRINCESSES,QUIETLY,3
COSTUME STUDENT 2,SHOUTING,3
COSTUME STUDENT 2,SCRIPT,3
EVIL TREES,PRINCESSES/PUSS/DONKEY,3
EVIL WITCHES,GRITTED TEETH,3
EVIL WITCHES,GINGERBREAD MAN/PINOCCHIO,3
EVIL WITCHES,GINGERBREAD MAN,3
EVIL WITCHES,GARY,3
EVIL WITCHES,FIONA,3
EVIL WITCHES,FEMALE STUDENT #1,3
EVIL TREES,WIZARD HEAD,3
COSTUME STUDENT 2,QUIETLY,3
COSTUME STUDENT 2,QUEEN,3
COSTUME STUDENT 2,PRINCESSES/PUSS/DONKEY,3
COSTUME STUDENT 2,MERLIN,3
PRINCESSES,WIZARD HEAD,3
EVIL TREES,TEACHER,3
EVIL WITCHES,OGRE,3
EVIL WITCHES,NANNY DWARF,3
EVIL WITCHES,MUFFIN MAN,3
EVIL WITCHES,MOTHER,3
EVIL WITCHES,MERLIN,3
EVIL WITCHES,MABEL,3
EVIL WITCHES,LANCELOT,3
EVIL WITCHES,GUINEVERRE,3
OGRE BABY,PINOCCHIO,3
COSTUME STUDENT 2,EVIL WITCHES,3
COSTUME STUDENT 2,MUFFIN MAN,3
COSTUME STUDENT 2,EVIL KNIGHT #1,3
COSTUME STUDENT 2,EVIL DWARF #1,3
PRINCESSES,TEACHER,3
PRINCESSES,SHOUTING,3
COSTUME STUDENT 2,GUARD #2,3
COSTUME STUDENT 2,GUARD #1,3
EVIL WITCHES,RAPUNZEL,3
EVIL WITCHES,QUIETLY,3
EVIL WITCHES,QUEEN,3
EVIL WITCHES,PRINCIPAL PYNCHLEY,3
EVIL WITCHES,PRINCESSES/PUSS/DONKEY,3
EVIL WITCHES,PRINCESSES,3
EVIL WITCHES,PRINCE CHARMING,3
EVIL WITCHES,PIRATES,3
EVIL WITCHES,PIGS,3
EVIL WITCHES,PIG #2,3
EVIL WITCHES,PIG #1,3
EVIL WITCHES,OGRE BABY,3
COSTUME STUDENT 1,WOLF,3
COSTUME STUDENT 1,WIZARD HEAD,3
COSTUME STUDENT 1,TEACHER,3
COSTUME STUDENT 1,SHOUTING,3
OGRE,WOLF,3
OGRE,WIZARD HEAD,3
OGRE,TEACHER,3
EVIL WITCHES,KNIGHT,3
EVIL WITCHES,JOCKS,3
EVIL WITCHES,HALL MONITOR,3
EVIL WITCHES,TIFFANY,3
EVIL WITCHES,TEENAGER,3
EVIL WITCHES,TEACHER,3
COSTUME STUDENT 1,SCRIPT,3
COSTUME STUDENT 1,QUIETLY,3
COSTUME STUDENT 1,QUEEN,3
COSTUME STUDENT 1,PRINCESSES/PUSS/DONKEY,3
COSTUME STUDENT 1,PIRATES,3
COSTUME STUDENT 1,PINOCCHIO,3
EVIL WITCHES,STUDENTS,3
EVIL WITCHES,SNOW WHITE,3
EVIL WITCHES,SLEEPING BEAUTY,3
EVIL WITCHES,SHOUTING,3
EVIL WITCHES,SHIP CAPTAIN,3
EVIL WITCHES,SCRIPT,3
EVIL WITCHES,RUMPLESTILTSKIN,3
OGRE,SCRIPT,3
COSTUME STUDENT 1,GUARD #2,3
COSTUME STUDENT 1,GUARD #1,3
PRINCESSES/PUSS/DONKEY,STUDENTS,3
COSTUME STUDENT 1,MUFFIN MAN,3
COSTUME STUDENT 1,MERLIN,3
PRINCESSES/PUSS/DONKEY,QUIETLY,3
PRINCESSES/PUSS/DONKEY,PRINCIPAL PYNCHLEY,3
PRINCESSES,WOLF,3
OGRE,QUIETLY,3
OGRE,QUEEN,3
OGRE,PRINCESSES/PUSS/DONKEY,3
EVIL WITCHES,XAVIER,3
EVIL WITCHES,WOLF,3
EVIL WITCHES,WIZARD HEAD,3
EVIL WITCHES,VAN STUDENT,3
COSTUME STUDENT 1,EVIL KNIGHT #1,3
COSTUME STUDENT 1,EVIL DWARF #1,3
CINDERELLA,PIRATES,3
CINDERELLA,PINOCCHIO,3
PRINCESSES/PUSS/DONKEY,SHREK,3
PRINCESSES/PUSS/DONKEY,SHOUTING,3
PRINCESSES/PUSS/DONKEY,SHIP CAPTAIN,3
PRINCESSES/PUSS/DONKEY,SCRIPT,3
PRINCESSES/PUSS/DONKEY,RUMPLESTILTSKIN,3
PRINCESSES/PUSS/DONKEY,RAPUNZEL,3
CINDERELLA,TEACHER,3
CINDERELLA,SHOUTING,3
NANNY DWARF,WOLF,3
NANNY DWARF,WIZARD HEAD,3
FAIRYTALE CREATURES,GINGERBREAD MAN,3
OGRE,SHOUTING,3
FAIRYTALE CREATURES,RUMPLESTILTSKIN,3
FAIRYTALE CREATURES,PUPPET MASTER,3
CINDERELLA,WOLF,3
CINDERELLA,WIZARD HEAD,3
PRINCESSES/PUSS/DONKEY,TEENAGER,3
PRINCESSES/PUSS/DONKEY,TEACHER,3
CINDERELLA,MUFFIN MAN,3
CINDERELLA,MERLIN,3
NANNY DWARF,SHOUTING,3
NANNY DWARF,SCRIPT,3
NANNY DWARF,QUIETLY,3
OGRE,PIRATES,3
FAIRYTALE CREATURES,OGRE,3
FAIRYTALE CREATURES,MABEL,3
CINDERELLA,SCRIPT,3
COSTUME STUDENT 1,EVIL WITCHES,3
PRINCESSES/PUSS/DONKEY,WOLF,3
PRINCESSES/PUSS/DONKEY,WIZARD HEAD,3
PRINCESSES/PUSS/DONKEY,VAN STUDENT,3
PRINCESSES/PUSS/DONKEY,TIFFANY,3
CHEERLEADERS,WOLF,3
CHEERLEADERS,WIZARD HEAD,3
CHEERLEADERS,TEACHER,3
CINDERELLA,GUARD #2,3
CINDERELLA,GUARD #1,3
CINDERELLA,QUIETLY,3
CINDERELLA,EVIL KNIGHT #1,3
CINDERELLA,EVIL DWARF #1,3
PRINCIPAL PYNCHLEY,SCRIPT,3
FEMALE STUDENT #1,GUARD #2,3
FEMALE STUDENT #1,GUARD #1,3
NANNY DWARF,TEACHER,3
CHEERLEADERS,GUARD #2,3
CHEERLEADERS,GUARD #1,3
CHEERLEADERS,PIRATES,3
CHEERLEADERS,MUFFIN MAN,3
CHEERLEADERS,MERLIN,3
CINDERELLA,EVIL WITCHES,3
CHEERLEADERS,QUIETLY,3
CHEERLEADERS,QUEEN,3
CHEERLEADERS,PRINCESSES/PUSS/DONKEY,3
FEMALE STUDENT #1,SHOUTING,3
FEMALE STUDENT #1,SCRIPT,3
NANNY DWARF,QUEEN,3
NANNY DWARF,PRINCESSES/PUSS/DONKEY,3
PRINCIPAL PYNCHLEY,QUIETLY,3
PRINCIPAL PYNCHLEY,QUEEN,3
PRINCESSES/PUSS/DONKEY,XAVIER,3
FEMALE STUDENT #1,PIRATES,3
CAPTAIN HOOK,OTHER PIRATES,3
CAPTAIN HOOK,WIZARD HEAD,3
CAPTAIN HOOK,VILLAINS,3
CHEERLEADERS,EVIL WITCHES,3
CHEERLEADERS,PINOCCHIO,3
CAPTAIN HOOK,QUIETLY,3
CHEERLEADERS,EVIL KNIGHT #1,3
CHEERLEADERS,EVIL DWARF #1,3
FEMALE STUDENT #1,PINOCCHIO,3
FEMALE STUDENT #1,WOLF,3
FEMALE STUDENT #1,WIZARD HEAD,3
FEMALE STUDENT #1,MUFFIN MAN,3
FEMALE STUDENT #1,MERLIN,3
CHEERLEADERS,SHOUTING,3
CHEERLEADERS,SCRIPT,3
CAPTAIN HOOK,PRINCESSES/PUSS/DONKEY,3
CAPTAIN HOOK,HOOK,3
CAPTAIN HOOK,HIS EARS,3
CAPTAIN HOOK,HEADLESS HORSEMAN,3
CAPTAIN HOOK,GUARD #2,3
CAPTAIN HOOK,GUARD #1,3
PUPPET MASTER,PUSS,3
CAPTAIN HOOK,SHOUTING,3
CAPTAIN HOOK,SCRIPT,3
PRINCIPAL PYNCHLEY,SHOUTING,3
MUFFIN MAN,XAVIER,3
MUFFIN MAN,WIZARD HEAD,3
MUFFIN MAN,VAN STUDENT,3
FEMALE STUDENT #1,QUIETLY,3
FEMALE STUDENT #1,QUEEN,3
FEMALE STUDENT #1,PRINCESSES/PUSS/DONKEY,3
BY A MONSTER TRYING TO RELATE TO,TIFFANY,3
BY A MONSTER TRYING TO RELATE TO,TEENAGER,3
PRINCIPAL PYNCHLEY,WOLF,3
PRINCIPAL PYNCHLEY,WIZARD HEAD,3
PRINCIPAL PYNCHLEY,TEACHER,3
CAPTAIN HOOK,EVIL WITCHES,3
CAPTAIN HOOK,EVIL TREE #2,3
CAPTAIN HOOK,EVIL TREE #1,3
CAPTAIN HOOK,EVIL KNIGHT #1,3
CAPTAIN HOOK,EVIL DWARF #1,3
FIONA,GUARD #2,3
FIONA,GUARD #1,3
FIONA,PIRATES,3
FEMALE STUDENT #1,TEACHER,3
NANNY DWARF,PIRATES,3
NANNY DWARF,PINOCCHIO,3
BY A MONSTER TRYING TO RELATE TO,RAPUNZEL,3
BY A MONSTER TRYING TO RELATE TO,QUIETLY,3
BY A MONSTER TRYING TO RELATE TO,QUEEN,3
BY A MONSTER TRYING TO RELATE TO,PUSS,3
BY A MONSTER TRYING TO RELATE TO,PRINCIPAL PYNCHLEY,3
BY A MONSTER TRYING TO RELATE TO,PRINCESSES/PUSS/DONKEY,3
BY A MONSTER TRYING TO RELATE TO,PRINCESSES,3
PUPPET MASTER,SHREK,3
FIONA,SHOUTING,3
MUFFIN MAN,TIFFANY,3
MUFFIN MAN,TEENAGER,3
FIONA,HOOK,3
FIONA,HEADLESS HORSEMAN,3
BY A MONSTER TRYING TO RELATE TO,XAVIER,3
BY A MONSTER TRYING TO RELATE TO,WOLF,3
BY A MONSTER TRYING TO RELATE TO,VAN STUDENT,3
FIONA,SCRIPT,3
FIONA,QUIETLY,3
FIONA,PUPPET MASTER,3
PUPPET MASTER,SHIP CAPTAIN,3
BY A MONSTER TRYING TO RELATE TO,OGRE BABY,3
BY A MONSTER TRYING TO RELATE TO,OGRE,3
BY A MONSTER TRYING TO RELATE TO,NANNY DWARF,3
BY A MONSTER TRYING TO RELATE TO,MUFFIN MAN,3
BY A MONSTER TRYING TO RELATE TO,MOTHER,3
BY A MONSTER TRYING TO RELATE TO,MABEL,3
BY A MONSTER TRYING TO RELATE TO,LANCELOT,3
GARY,GUARD #2,3
GARY,GUARD #1,3
FIONA,OTHER PIRATES,3
BY A MONSTER TRYING TO RELATE TO,TEACHER,3
CAPTAIN HOOK,FAIRYTALE CREATURES,3
BY A MONSTER TRYING TO RELATE TO,GUARD #2,3
BY A MONSTER TRYING TO RELATE TO,GUARD #1,3
BY A MONSTER TRYING TO RELATE TO,GRITTED TEETH,3
BY A MONSTER TRYING TO RELATE TO,GINGERBREAD MAN/PINOCCHIO,3
BY A MONSTER TRYING TO RELATE TO,GINGERBREAD MAN,3
BY A MONSTER TRYING TO RELATE TO,GARY,3
MUFFIN MAN,STUDENTS,3
MUFFIN MAN,SLEEPING BEAUTY,3
MUFFIN MAN,SHREK,3
MUFFIN MAN,SHOUTING,3
MUFFIN MAN,SHIP CAPTAIN,3
MUFFIN MAN,SCRIPT,3
MUFFIN MAN,RUMPLESTILTSKIN,3
FIONA,WIZARD HEAD,3
FIONA,VILLAINS,3
GARY,MUFFIN MAN,3
BY A MONSTER TRYING TO RELATE TO,DRIVERS ED INSTRUCTOR,3
BY A MONSTER TRYING TO RELATE TO,DRAGON,3
GARY,QUIETLY,3
GARY,QUEEN,3
GARY,PRINCESSES/PUSS/DONKEY,3
GARY,PIRATES,3
GARY,MERLIN,3
BY A MONSTER TRYING TO RELATE TO,STUDENTS,3
BY A MONSTER TRYING TO RELATE TO,SNOW WHITE,3
BY A MONSTER TRYING TO RELATE TO,SLEEPING BEAUTY,3
BY A MONSTER TRYING TO RELATE TO,SHOUTING,3
BY A MONSTER TRYING TO RELATE TO,SHIP CAPTAIN,3
BY A MONSTER TRYING TO RELATE TO,SCRIPT,3
BY A MONSTER TRYING TO RELATE TO,RUMPLESTILTSKIN,3
BY A MONSTER TRYING TO RELATE TO,HALL MONITOR,3
BY A MONSTER TRYING TO RELATE TO,GUINEVERRE,3
MUFFIN MAN,PUSS,3
MUFFIN MAN,PRINCIPAL PYNCHLEY,3
MUFFIN MAN,PRINCESSES/PUSS/DONKEY,3
BY A MONSTER TRYING TO RELATE TO,FIONA,3
BY A MONSTER TRYING TO RELATE TO,FEMALE STUDENT #1,3
BY A MONSTER TRYING TO RELATE TO,PRINCE CHARMING,3
BY A MONSTER TRYING TO RELATE TO,PIRATES,3
BY A MONSTER TRYING TO RELATE TO,PINOCCHIO,3
BY A MONSTER TRYING TO RELATE TO,PIGS,3
BY A MONSTER TRYING TO RELATE TO,PIG #2,3
BY A MONSTER TRYING TO RELATE TO,PIG #1,3
BY A MONSTER TRYING TO RELATE TO,EVIL WITCHES,3
BY A MONSTER TRYING TO RELATE TO,EVIL TREES,3
BY A MONSTER TRYING TO RELATE TO,EVIL QUEEN,3
BY A MONSTER TRYING TO RELATE TO,EVIL KNIGHT #1,3
BY A MONSTER TRYING TO RELATE TO,EVIL DWARF #1,3
GARY,WOLF,3
GARY,WIZARD HEAD,3
BY A MONSTER TRYING TO RELATE TO,DORIS,3
BY A MONSTER TRYING TO RELATE TO,CYCLOPS,3
BY A MONSTER TRYING TO RELATE TO,COSTUME STUDENT 2,3
BY A MONSTER TRYING TO RELATE TO,COSTUME STUDENT 1,3
BY A MONSTER TRYING TO RELATE TO,CINDERELLA,3
BY A MONSTER TRYING TO RELATE TO,KNIGHT,3
BY A MONSTER TRYING TO RELATE TO,JOCKS,3
BY A MONSTER TRYING TO RELATE TO,CHEERLEADERS,3
BY A MONSTER TRYING TO RELATE TO,CAPTAIN HOOK,3
BOHORT,WOLF,3
BOHORT,WIZARD HEAD,3
GARY,TEACHER,3
MUFFIN MAN,RAPUNZEL,3
MUFFIN MAN,QUIETLY,3
BOHORT,MERLIN,3
PUSS,SCRIPT,3
BOHORT,EVIL WITCHES,3
BOHORT,PRINCESSES/PUSS/DONKEY,3
BOHORT,PIRATES,3
BOHORT,PINOCCHIO,3
PUSS,TEACHER,3
BOHORT,TEACHER,3
BOHORT,SHOUTING,3
PUSS,QUIETLY,3
BOHORT,SCRIPT,3
BOHORT,QUIETLY,3
BOHORT,QUEEN,3
GINGERBREAD MAN,GUARD #2,3
GINGERBREAD MAN,GUARD #1,3
GARY,PINOCCHIO,3
BODY,WOLF,3
BODY,WIZARD HEAD,3
BOHORT,GUARD #2,3
BOHORT,GUARD #1,3
BODY,TEENAGER,3
BODY,TEACHER,3
BODY,STUDENTS,3
BODY,SNOW WHITE,3
BODY,SLEEPING BEAUTY,3
BODY,SHOUTING,3
BODY,SHIP CAPTAIN,3
GARY,SHOUTING,3
GARY,SCRIPT,3
GINGERBREAD MAN,MERLIN,3
BOHORT,EVIL KNIGHT #1,3
BOHORT,MUFFIN MAN,3
BODY,RUMPLESTILTSKIN,3
BODY,RAPUNZEL,3
BODY,QUIETLY,3
BODY,QUEEN,3
BOHORT,EVIL DWARF #1,3
BODY,GINGERBREAD MAN/PINOCCHIO,3
BODY,PRINCIPAL PYNCHLEY,3
BODY,PRINCESSES/PUSS/DONKEY,3
BODY,PRINCESSES,3
BODY,PRINCE CHARMING,3
BODY,PIRATES,3
GINGERBREAD MAN,QUIETLY,3
GINGERBREAD MAN,PRINCESSES/PUSS/DONKEY,3
GINGERBREAD MAN,PIRATES,3
BOHORT,BY A MONSTER TRYING TO RELATE TO,3
BODY,XAVIER,3
BODY,MERLIN,3
BODY,MABEL,3
GINGERBREAD MAN/PINOCCHIO,MUFFIN MAN,3
GINGERBREAD MAN/PINOCCHIO,MERLIN,3
GINGERBREAD MAN/PINOCCHIO,GUARD #2,3
GINGERBREAD MAN/PINOCCHIO,GUARD #1,3
GINGERBREAD MAN,WIZARD HEAD,3
MUFFIN MAN,PRINCESSES,3
MUFFIN MAN,PIRATES,3
MUFFIN MAN,PIGS,3
MUFFIN MAN,OGRE BABY,3
MUFFIN MAN,OGRE,3
MUFFIN MAN,NANNY DWARF,3
GINGERBREAD MAN,SHOUTING,3
GINGERBREAD MAN,SCRIPT,3
BODY,SCRIPT,3
MOTHER,WOLF,3
MOTHER,WIZARD HEAD,3
GINGERBREAD MAN/PINOCCHIO,PIRATES,3
GINGERBREAD MAN/PINOCCHIO,PINOCCHIO,3
BODY,PIGS,3
BODY,PIG #2,3
BODY,PIG #1,3
BODY,OGRE BABY,3
BODY,OGRE,3
BODY,NANNY DWARF,3
BODY,VAN STUDENT,3
BODY,TIFFANY,3
PUSS,WIZARD HEAD,3
PUSS,VILLAINS,3
BODY,MUFFIN MAN,3
BODY,MOTHER,3
GINGERBREAD MAN/PINOCCHIO,SHOUTING,3
BODY,LANCELOT,3
BODY,KNIGHT,3
BODY,JOCKS,3
BODY,HALL MONITOR,3
BODY,GUINEVERRE,3
BODY,GRITTED TEETH,3
BODY,DRIVERS ED INSTRUCTOR,3
BODY,DRAGON,3
BODY,DORIS,3
QUEEN,TEENAGER,3
QUEEN,STUDENTS,3
GINGERBREAD MAN/PINOCCHIO,SCRIPT,3
GINGERBREAD MAN/PINOCCHIO,QUIETLY,3
GINGERBREAD MAN/PINOCCHIO,QUEEN,3
GINGERBREAD MAN/PINOCCHIO,PRINCESSES/PUSS/DONKEY,3
GINGERBREAD MAN/PINOCCHIO,WOLF,3
QUEEN,SHOUTING,3
QUEEN,SCRIPT,3
QUEEN,QUIETLY,3
BODY,CYCLOPS,3
BODY,COSTUME STUDENT 2,3
BODY,COSTUME STUDENT 1,3
BODY,CINDERELLA,3
BODY,CHEERLEADERS,3
BODY,CAPTAIN HOOK,3
BODY,BY A MONSTER TRYING TO RELATE TO,3
BODY,BOHORT,3
GINGERBREAD MAN/PINOCCHIO,WIZARD HEAD,3
GRITTED TEETH,PIRATES,3
GRITTED TEETH,PINOCCHIO,3
GINGERBREAD MAN/PINOCCHIO,TEACHER,3
BODY,GARY,3
BODY,FIONA,3
BODY,FEMALE STUDENT #1,3
BODY,EVIL TREES,3
BODY,EVIL QUEEN,3
BODY,EVIL KNIGHT #1,3
QUIETLY,TEACHER,3
QUIETLY,STUDENTS,3
QUIETLY,SNOW WHITE,3
QUIETLY,SLEEPING BEAUTY,3
QUIETLY,SHREK,3
QUIETLY,SHOUTING,3
QUIETLY,SHIP CAPTAIN,3
GRITTED TEETH,SHOUTING,3
GRITTED TEETH,GUARD #2,3
GRITTED TEETH,GUARD #1,3
QUIETLY,WIZARD HEAD,3
MOTHER,TEACHER,3
MOTHER,SHOUTING,3
MOTHER,SCRIPT,3
GRITTED TEETH,SCRIPT,3
GRITTED TEETH,QUIETLY,3
GRITTED TEETH,QUEEN,3
GRITTED TEETH,PRINCESSES/PUSS/DONKEY,3
GUARD #1,KNIGHT,3
GUARD #1,JOCKS,3
GUARD #1,HALL MONITOR,3
GUARD #1,GUINEVERRE,3
GRITTED TEETH,WOLF,3
GRITTED TEETH,MUFFIN MAN,3
GRITTED TEETH,MERLIN,3
BODY,GINGERBREAD MAN,3
GUARD #1,OGRE,3
GUARD #1,NANNY DWARF,3
GUARD #1,MUFFIN MAN,3
GUARD #1,MOTHER,3
GRITTED TEETH,WIZARD HEAD,3
GRITTED TEETH,TEACHER,3
QUIETLY,RUMPLESTILTSKIN,3
QUIETLY,RAPUNZEL,3
QUEEN,XAVIER,3
QUEEN,WIZARD HEAD,3
QUEEN,VAN STUDENT,3
QUEEN,TIFFANY,3
RAPUNZEL,SHOUTING,3
RAPUNZEL,SCRIPT,3
QUIETLY,XAVIER,3
QUIETLY,WOLF,3
GUARD #1,PRINCIPAL PYNCHLEY,3
MOTHER,QUIETLY,3
MOTHER,QUEEN,3
GUARD #1,PRINCE CHARMING,3
GUARD #1,PIRATES,3
QUIETLY,VAN STUDENT,3
QUIETLY,TIFFANY,3
QUIETLY,TEENAGER,3
BLIND MOUSE #1,RUMPLESTILTSKIN,3
BLIND MOUSE #1,PUPPET MASTER,3
RAPUNZEL,WIZARD HEAD,3
RAPUNZEL,VILLAINS,3
GUARD #1,PIGS,3
GUARD #1,PIG #2,3
GUARD #1,PIG #1,3
GUARD #1,OGRE BABY,3
GUARD #1,TEACHER,3
GUARD #2,PRINCESSES,3
GUARD #2,PRINCE CHARMING,3
GUARD #1,MERLIN,3
GUARD #1,MABEL,3
GUARD #1,LANCELOT,3
GUARD #1,STUDENTS,3
GUARD #1,SNOW WHITE,3
GUARD #1,SLEEPING BEAUTY,3
GUARD #1,SHOUTING,3
GUARD #1,SHIP CAPTAIN,3
GUARD #1,SCRIPT,3
GUARD #1,RUMPLESTILTSKIN,3
GUARD #1,RAPUNZEL,3
GUARD #1,QUIETLY,3
GUARD #1,QUEEN,3
GUARD #2,STUDENTS,3
GUARD #2,SNOW WHITE,3
GUARD #2,SLEEPING BEAUTY,3
GUARD #1,PRINCESSES/PUSS/DONKEY,3
GUARD #1,PRINCESSES,3
GUARD #2,LANCELOT,3
GUARD #2,KNIGHT,3
GUARD #2,JOCKS,3
GUARD #2,HALL MONITOR,3
GUARD #2,GUINEVERRE,3
GUARD #1,XAVIER,3
GUARD #1,WOLF,3
GUARD #1,WIZARD HEAD,3
GUARD #1,VAN STUDENT,3
GUARD #1,TIFFANY,3
GUARD #1,TEENAGER,3
GUARD #2,PIG #1,3
GUARD #2,OGRE BABY,3
GUARD #2,OGRE,3
GUARD #2,NANNY DWARF,3
BLIND MOUSE #1,EVIL QUEEN,3
BLIND MOUSE #1,PRINCE CHARMING,3
BLIND MOUSE #1,MABEL,3
RAPUNZEL,TEACHER,3
BLIND MOUSE #1,CYCLOPS,3
BLIND MOUSE #1,CAPTAIN HOOK,3
RUMPLESTILTSKIN,TEACHER,3
GUARD #2,MUFFIN MAN,3
GUARD #2,MOTHER,3
GUARD #2,MERLIN,3
GUARD #2,MABEL,3
GUARD #2,TEACHER,3
MOTHER,PRINCESSES/PUSS/DONKEY,3
MOTHER,PIRATES,3
MOTHER,PINOCCHIO,3
GUARD #2,SHOUTING,3
GUARD #2,SHIP CAPTAIN,3
GUARD #2,SCRIPT,3
GUARD #2,RUMPLESTILTSKIN,3
GUARD #2,RAPUNZEL,3
GUARD #2,QUIETLY,3
GUARD #2,QUEEN,3
GUARD #2,PRINCIPAL PYNCHLEY,3
GUARD #2,PRINCESSES/PUSS/DONKEY,3
GUINEVERRE,MERLIN,3
GUARD #2,PIRATES,3
GUARD #2,PIGS,3
GUARD #2,PIG #2,3
GUARD #2,XAVIER,3
GUARD #2,WOLF,3
GUARD #2,WIZARD HEAD,3
GUARD #2,VAN STUDENT,3
GUARD #2,TIFFANY,3
GUARD #2,TEENAGER,3
RUMPLESTILTSKIN,SHOUTING,3
RUMPLESTILTSKIN,SCRIPT,3
AUDIENCE,SHREK,3
AUDIENCE,RUMPLESTILTSKIN,3
AUDIENCE,RAPUNZEL,3
SCRIPT,TIFFANY,3
SCRIPT,TEENAGER,3
SCRIPT,TEACHER,3
SCRIPT,STUDENTS,3
SCRIPT,SNOW WHITE,3
GUINEVERRE,SHOUTING,3
GUINEVERRE,SCRIPT,3
GUINEVERRE,QUIETLY,3
GUINEVERRE,QUEEN,3
MOTHER,MUFFIN MAN,3
GUINEVERRE,PRINCESSES/PUSS/DONKEY,3
SCRIPT,SLEEPING BEAUTY,3
SCRIPT,SHREK,3
SCRIPT,SHOUTING,3
SCRIPT,SHIP CAPTAIN,3
RUMPLESTILTSKIN,WIZARD HEAD,3
RUMPLESTILTSKIN,VILLAINS,3
SHIP CAPTAIN,WIZARD HEAD,3
SHIP CAPTAIN,TEACHER,3
GUINEVERRE,PIRATES,3
GUINEVERRE,PINOCCHIO,3
GUINEVERRE,MUFFIN MAN,3
GUINEVERRE,TEACHER,3
SCRIPT,XAVIER,3
SCRIPT,WOLF,3
SCRIPT,WIZARD HEAD,3
SCRIPT,VAN STUDENT,3
AUDIENCE,WOLF,3
AUDIENCE,VILLAINS,3
SHOUTING,WIZARD HEAD,3
SHOUTING,VAN STUDENT,3
SHOUTING,TIFFANY,3
SHOUTING,TEENAGER,3
SHOUTING,TEACHER,3
SHOUTING,STUDENTS,3
SHOUTING,SNOW WHITE,3
SHOUTING,SLEEPING BEAUTY,3
HALL MONITOR,MERLIN,3
SHIP CAPTAIN,WOLF,3
AUDIENCE,PUSS,3
AUDIENCE,PRINCE CHARMING,3
AUDIENCE,PINOCCHIO,3
AUDIENCE,PIG #1,3
AUDIENCE,OTHER PIRATES,3
SHREK,TEACHER,3
AUDIENCE,FIONA,3
AUDIENCE,EVIL TREE #2,3
AUDIENCE,EVIL TREE #1,3
AUDIENCE,EVIL QUEEN,3
AUDIENCE,DRAGON,3
GUINEVERRE,WOLF,3
GUINEVERRE,WIZARD HEAD,3
HALL MONITOR,QUEEN,3
HALL MONITOR,PIRATES,3
HALL MONITOR,PINOCCHIO,3
SHREK,VILLAINS,3
ARTIE,SCRIPT,3
ARTIE,QUIETLY,3
AUDIENCE,DONKEY,3
AUDIENCE,MERLIN,3
AUDIENCE,HOOK,3
AUDIENCE,HEADLESS HORSEMAN,3
SHOUTING,XAVIER,3
SHOUTING,WOLF,3
ARTIE,VILLAINS,3
SLEEPING BEAUTY,TEACHER,3
HALL MONITOR,WIZARD HEAD,3
HALL MONITOR,TEACHER,3
HALL MONITOR,MUFFIN MAN,3
ARTIE,MUFFIN MAN,3
ARTIE,TEACHER,3
ARTIE,HOOK,3
ARTIE,HEADLESS HORSEMAN,3
ARTIE,QUEEN,3
ARTIE,PRINCESSES/PUSS/DONKEY,3
AUDIENCE,CAPTAIN HOOK,3
ARTIE,OTHER PIRATES,3
HALL MONITOR,QUIETLY,3
HEADLESS HORSEMAN,PIG #1,3
HEADLESS HORSEMAN,OTHER PIRATES,3
HEADLESS HORSEMAN,MERLIN,3
HEADLESS HORSEMAN,HOOK,3
HALL MONITOR,WOLF,3
MERLIN,XAVIER,3
HALL MONITOR,PRINCESSES/PUSS/DONKEY,3
MERLIN,VAN STUDENT,3
MERLIN,TIFFANY,3
MERLIN,TEENAGER,3
MERLIN,TEACHER,3
MERLIN,STUDENTS,3
ARTIE,EVIL TREE #2,3
ARTIE,EVIL TREE #1,3
ARTIE,EVIL DWARFS,3
MERLIN,SNOW WHITE,3
MERLIN,SLEEPING BEAUTY,3
MERLIN,SHOUTING,3
MERLIN,SHIP CAPTAIN,3
MERLIN,SCRIPT,3
HEADLESS HORSEMAN,RUMPLESTILTSKIN,3
HALL MONITOR,SHOUTING,3
HALL MONITOR,SCRIPT,3
MABEL,WIZARD HEAD,3
HEADLESS HORSEMAN,RAPUNZEL,3
HEADLESS HORSEMAN,PUSS,3
HEADLESS HORSEMAN,PRINCE CHARMING,3
HEADLESS HORSEMAN,PINOCCHIO,3
MERLIN,QUIETLY,3
MERLIN,QUEEN,3
ANNOUNCER,PRINCESSES/PUSS/DONKEY,3
ANNOUNCER,PRINCESSES,3
MERLIN,PRINCIPAL PYNCHLEY,3
MERLIN,PRINCESSES/PUSS/DONKEY,3
MERLIN,PRINCESSES,3
MERLIN,PIRATES,3
MERLIN,PIGS,3
MERLIN,PIG #2,3
MERLIN,VILLAINS,3
MERLIN,OGRE,3
MERLIN,NANNY DWARF,3
ARTIE,AUDIENCE,3
ANNOUNCER,XAVIER,3
ANNOUNCER,WIZARD HEAD,3
ANNOUNCER,VAN STUDENT,3
ANNOUNCER,TIFFANY,3
ANNOUNCER,TEENAGER,3
ANNOUNCER,TEACHER,3
ANNOUNCER,MERLIN,3
ANNOUNCER,LANCELOT,3
ANNOUNCER,STUDENTS,3
ANNOUNCER,SLEEPING BEAUTY,3
ANNOUNCER,SHOUTING,3
MERLIN,MUFFIN MAN,3
MERLIN,MOTHER,3
MABEL,SHOUTING,3
ANNOUNCER,SHIP CAPTAIN,3
ANNOUNCER,SCRIPT,3
ANNOUNCER,QUIETLY,3
ANNOUNCER,QUEEN,3
ANNOUNCER,PRINCIPAL PYNCHLEY,3
SLEEPING BEAUTY,WOLF,3
SLEEPING BEAUTY,WIZARD HEAD,3
ANNOUNCER,PIRATES,3
MABEL,SCRIPT,3
MABEL,QUIETLY,3
MERLIN,OTHER PIRATES,3
MERLIN,OGRE BABY,3
HEADLESS HORSEMAN,WOLF,3
HEADLESS HORSEMAN,VILLAINS,3
HEADLESS HORSEMAN,SHREK,3
ANNOUNCER,GARY,3
ANNOUNCER,FEMALE STUDENT #1,3
LANCELOT,WIZARD HEAD,3
HOOK,PUSS,3
HOOK,PRINCE CHARMING,3
HOOK,PINOCCHIO,3
HOOK,PIG #1,3
HOOK,OTHER PIRATES,3
MABEL,PRINCESSES/PUSS/DONKEY,3
HIS EARS,RUMPLESTILTSKIN,3
HIS EARS,PUPPET MASTER,3
HIS EARS,PRINCE CHARMING,3
HOOK,MERLIN,3
MABEL,PIRATES,3
MABEL,TEACHER,3
HIS EARS,MABEL,3
HOOK,VILLAINS,3
HOOK,SHREK,3
HOOK,RUMPLESTILTSKIN,3
MABEL,MUFFIN MAN,3
MABEL,MERLIN,3
LANCELOT,WOLF,3
ANNOUNCER,PIGS,3
ANNOUNCER,PIG #2,3
ANNOUNCER,OGRE BABY,3
ANNOUNCER,OGRE,3
ANNOUNCER,NANNY DWARF,3
ANNOUNCER,MUFFIN MAN,3
ANNOUNCER,MOTHER,3
ANNOUNCER,GUARD #1,3
ANNOUNCER,GRITTED TEETH,3
ANNOUNCER,GINGERBREAD MAN/PINOCCHIO,3
ANNOUNCER,BY A MONSTER TRYING TO RELATE TO,3
ANNOUNCER,BOHORT,3
ANNOUNCER,BODY,3
ALL,XAVIER,3
ALL,WIZARD HEAD,3
LANCELOT,TEACHER,3
LANCELOT,SHOUTING,3
STUDENTS,TEACHER,3
SNOW WHITE,WIZARD HEAD,3
ANNOUNCER,EVIL DWARFS,3
ANNOUNCER,EVIL DWARF #1,3
ANNOUNCER,DRIVERS ED INSTRUCTOR,3
ANNOUNCER,DRAGON,3
LANCELOT,SCRIPT,3
LANCELOT,QUIETLY,3
LANCELOT,QUEEN,3
HOOK,WOLF,3
JOCKS,SHOUTING,3
JOCKS,SCRIPT,3
HOOK,RAPUNZEL,3
LANCELOT,PRINCESSES/PUSS/DONKEY,3
LANCELOT,PIRATES,3
LANCELOT,PINOCCHIO,3
ANNOUNCER,COSTUME STUDENT 2,3
ANNOUNCER,COSTUME STUDENT 1,3
ANNOUNCER,CINDERELLA,3
ANNOUNCER,KNIGHT,3
ANNOUNCER,JOCKS,3
ANNOUNCER,HALL MONITOR,3
ANNOUNCER,GUINEVERRE,3
ANNOUNCER,GUARD #2,3
ANNOUNCER,CAPTAIN HOOK,3
JOCKS,PINOCCHIO,3
JOCKS,WOLF,3
JOCKS,WIZARD HEAD,3
JOCKS,MUFFIN MAN,3
JOCKS,MERLIN,3
ALL,VILLAINS,3
ALL,VAN STUDENT,3
ALL,TIFFANY,3
ALL,TEENAGER,3
ALL,TEACHER,3
ANNOUNCER,EVIL WITCHES,3
ANNOUNCER,EVIL QUEEN,3
ALL,STUDENTS,3
ALL,SNOW WHITE,3
ALL,SLEEPING BEAUTY,3
ALL,SCRIPT,3
KNIGHT,TEACHER,3
JOCKS,QUIETLY,3
JOCKS,QUEEN,3
JOCKS,PRINCESSES/PUSS/DONKEY,3
ALL,QUIETLY,3
ALL,QUEEN,3
ALL,PRINCIPAL PYNCHLEY,3
ALL,PRINCESSES/PUSS/DONKEY,3
ALL,PRINCESSES,3
ANNOUNCER,CHEERLEADERS,3
ALL,FEMALE STUDENT #1,3
ALL,PIRATES,3
ALL,PIGS,3
ALL,PIG #2,3
ALL,OTHER PIRATES,3
JOCKS,PIRATES,3
ALL,OGRE,3
ALL,NANNY DWARF,3
ALL,MUFFIN MAN,3
ALL,MOTHER,3
ALL,MABEL,3
ALL,LANCELOT,3
ALL,COSTUME STUDENT 2,3
ALL,COSTUME STUDENT 1,3
ALL,CINDERELLA,3
ALL,KNIGHT,3
ALL,JOCKS,3
ALL,HOOK,3
ALL,HEADLESS HORSEMAN,3
ALL,HALL MONITOR,3
KNIGHT,WOLF,3
KNIGHT,WIZARD HEAD,3
TEENAGER,WOLF,3
STUDENTS,WOLF,3
STUDENTS,WIZARD HEAD,3
WOLF,XAVIER,3
ALL,EVIL WITCHES,3
ALL,EVIL TREES,3
ALL,EVIL TREE #2,3
ALL,EVIL TREE #1,3
ALL,CHEERLEADERS,3
ALL,BY A MONSTER TRYING TO RELATE TO,3
ALL,BOHORT,3
ALL,BODY,3
ALL,AUDIENCE,3
TEACHER,TEENAGER,3
ALL,GUINEVERRE,3
ALL,GUARD #2,3
PIRATES,PRINCESSES,3
PIRATES,PRINCE CHARMING,3
PINOCCHIO,XAVIER,3
PINOCCHIO,WIZARD HEAD,3
PINOCCHIO,VILLAINS,3
PINOCCHIO,VAN STUDENT,3
PINOCCHIO,TIFFANY,3
ALL,EVIL KNIGHT #1,3
ALL,EVIL DWARF #1,3
ALL,DRIVERS ED INSTRUCTOR,3
ALL,DORIS,3
ALL,CYCLOPS,3
VAN STUDENT,WOLF,3
VAN STUDENT,WIZARD HEAD,3
TIFFANY,WOLF,3
TIFFANY,WIZARD HEAD,3
TEENAGER,VILLAINS,2
TEACHER,VILLAINS,2
STUDENTS,VILLAINS,2
ALL,EVIL DWARFS,2
ANNOUNCER,OGRE BABIES,2
ARTIE,BLIND MOUSE #1,2
ANNOUNCER,VILLAINS,2
ARTIE,FAIRYTALE CREATURES,2
ARTIE,HIS EARS,2
ARTIE,OGRE BABIES,2
ARTIE,PUPPET MASTER,2
AUDIENCE,CYCLOPS,2
AUDIENCE,COSTUME STUDENT 2,2
AUDIENCE,COSTUME STUDENT 1,2
AUDIENCE,CINDERELLA,2
AUDIENCE,CHEERLEADERS,2
AUDIENCE,BY A MONSTER TRYING TO RELATE TO,2
AUDIENCE,BOHORT,2
AUDIENCE,BODY,2
HOOK,SHIP CAPTAIN,2
HOOK,SCRIPT,2
HOOK,QUIETLY,2
LANCELOT,PUPPET MASTER,2
LANCELOT,OTHER PIRATES,2
LANCELOT,OGRE BABIES,2
JOCKS,OTHER PIRATES,2
JOCKS,OGRE BABIES,2
HOOK,XAVIER,2
JOCKS,PUPPET MASTER,2
KING HAROLD,PUSS,2
JOCKS,VILLAINS,2
HOOK,PIGS,2
HOOK,PIG #2,2
HOOK,OGRE BABY,2
HOOK,OGRE BABIES,2
HOOK,OGRE,2
HOOK,NANNY DWARF,2
LANCELOT,VILLAINS,2
HOOK,WIZARD HEAD,2
HOOK,VAN STUDENT,2
HOOK,TIFFANY,2
HOOK,TEENAGER,2
HOOK,TEACHER,2
HOOK,STUDENTS,2
HOOK,SNOW WHITE,2
HOOK,SLEEPING BEAUTY,2
HOOK,SHOUTING,2
HIS EARS,XAVIER,2
HIS EARS,VAN STUDENT,2
HIS EARS,TIFFANY,2
HIS EARS,TEENAGER,2
HIS EARS,STUDENTS,2
HIS EARS,SNOW WHITE,2
MABEL,OTHER PIRATES,2
MABEL,OGRE BABIES,2
HOOK,QUEEN,2
HOOK,PRINCIPAL PYNCHLEY,2
HOOK,PRINCESSES/PUSS/DONKEY,2
HOOK,PRINCESSES,2
HOOK,PIRATES,2
HIS EARS,SLEEPING BEAUTY,2
HIS EARS,RAPUNZEL,2
HIS EARS,QUEEN,2
HIS EARS,PRINCIPAL PYNCHLEY,2
HIS EARS,PRINCESSES,2
HOOK,MUFFIN MAN,2
HOOK,MOTHER,2
HOOK,MABEL,2
HOOK,LANCELOT,2
HOOK,KNIGHT,2
HOOK,JOCKS,2
MABEL,VILLAINS,2
HIS EARS,PIGS,2
HIS EARS,PIG #2,2
HIS EARS,OGRE BABY,2
HIS EARS,OGRE,2
HIS EARS,NANNY DWARF,2
HIS EARS,MOTHER,2
HIS EARS,LANCELOT,2
HIS EARS,KNIGHT,2
HIS EARS,JOCKS,2
AUDIENCE,GINGERBREAD MAN,2
AUDIENCE,GARY,2
AUDIENCE,FEMALE STUDENT #1,2
AUDIENCE,EVIL WITCHES,2
AUDIENCE,EVIL TREES,2
AUDIENCE,EVIL KNIGHT #1,2
AUDIENCE,EVIL DWARFS,2
AUDIENCE,EVIL DWARF #1,2
AUDIENCE,DRIVERS ED INSTRUCTOR,2
AUDIENCE,DORIS,2
AUDIENCE,NANNY DWARF,2
AUDIENCE,MUFFIN MAN,2
AUDIENCE,MOTHER,2
AUDIENCE,MABEL,2
AUDIENCE,LANCELOT,2
HEADLESS HORSEMAN,XAVIER,2
HEADLESS HORSEMAN,WIZARD HEAD,2
HEADLESS HORSEMAN,VAN STUDENT,2
HEADLESS HORSEMAN,TIFFANY,2
HEADLESS HORSEMAN,TEENAGER,2
HEADLESS HORSEMAN,TEACHER,2
HEADLESS HORSEMAN,STUDENTS,2
HEADLESS HORSEMAN,SNOW WHITE,2
HEADLESS HORSEMAN,SLEEPING BEAUTY,2
MERLIN,OGRE BABIES,2
HEADLESS HORSEMAN,MOTHER,2
HEADLESS HORSEMAN,MABEL,2
HEADLESS HORSEMAN,LANCELOT,2
HEADLESS HORSEMAN,KNIGHT,2
HEADLESS HORSEMAN,JOCKS,2
HEADLESS HORSEMAN,SHOUTING,2
HEADLESS HORSEMAN,SHIP CAPTAIN,2
HEADLESS HORSEMAN,SCRIPT,2
HEADLESS HORSEMAN,QUIETLY,2
HEADLESS HORSEMAN,QUEEN,2
HEADLESS HORSEMAN,PRINCIPAL PYNCHLEY,2
HEADLESS HORSEMAN,PRINCESSES/PUSS/DONKEY,2
HEADLESS HORSEMAN,PRINCESSES,2
HEADLESS HORSEMAN,PIRATES,2
HEADLESS HORSEMAN,PIGS,2
HEADLESS HORSEMAN,PIG #2,2
GUINEVERRE,OTHER PIRATES,2
GUINEVERRE,OGRE BABIES,2
GUINEVERRE,PUPPET MASTER,2
HALL MONITOR,HOOK,2
HALL MONITOR,HIS EARS,2
HALL MONITOR,HEADLESS HORSEMAN,2
GUINEVERRE,VILLAINS,2
HALL MONITOR,PUPPET MASTER,2
HALL MONITOR,OTHER PIRATES,2
HALL MONITOR,OGRE BABIES,2
HALL MONITOR,VILLAINS,2
HEADLESS HORSEMAN,OGRE BABY,2
HEADLESS HORSEMAN,OGRE BABIES,2
HEADLESS HORSEMAN,OGRE,2
HEADLESS HORSEMAN,NANNY DWARF,2
HEADLESS HORSEMAN,MUFFIN MAN,2
GUARD #1,OGRE BABIES,2
GUARD #2,HOOK,2
GUARD #2,HEADLESS HORSEMAN,2
GUARD #1,VILLAINS,2
GUARD #2,OTHER PIRATES,2
GUARD #2,OGRE BABIES,2
GUINEVERRE,HOOK,2
GUINEVERRE,HIS EARS,2
GUINEVERRE,HEADLESS HORSEMAN,2
GUARD #2,VILLAINS,2
MOTHER,PUPPET MASTER,2
MOTHER,OTHER PIRATES,2
MOTHER,OGRE BABIES,2
MOTHER,VILLAINS,2
GINGERBREAD MAN/PINOCCHIO,OTHER PIRATES,2
GINGERBREAD MAN/PINOCCHIO,OGRE BABIES,2
GINGERBREAD MAN/PINOCCHIO,PUPPET MASTER,2
GRITTED TEETH,HOOK,2
GRITTED TEETH,HIS EARS,2
GRITTED TEETH,HEADLESS HORSEMAN,2
GINGERBREAD MAN/PINOCCHIO,VILLAINS,2
GRITTED TEETH,OTHER PIRATES,2
GRITTED TEETH,OGRE BABIES,2
GRITTED TEETH,PUPPET MASTER,2
GUARD #1,HOOK,2
GUARD #1,HEADLESS HORSEMAN,2
GRITTED TEETH,VILLAINS,2
GUARD #1,OTHER PIRATES,2
GARY,VILLAINS,2
GINGERBREAD MAN,HOOK,2
GINGERBREAD MAN,HIS EARS,2
GINGERBREAD MAN,HEADLESS HORSEMAN,2
GINGERBREAD MAN,PUPPET MASTER,2
GINGERBREAD MAN,OTHER PIRATES,2
GINGERBREAD MAN,OGRE BABIES,2
GINGERBREAD MAN/PINOCCHIO,HOOK,2
GINGERBREAD MAN/PINOCCHIO,HIS EARS,2
GINGERBREAD MAN/PINOCCHIO,HEADLESS HORSEMAN,2
GINGERBREAD MAN,VILLAINS,2
MUFFIN MAN,OTHER PIRATES,2
MUFFIN MAN,OGRE BABIES,2
AUDIENCE,KNIGHT,2
AUDIENCE,JOCKS,2
AUDIENCE,HALL MONITOR,2
AUDIENCE,GUINEVERRE,2
AUDIENCE,GUARD #2,2
AUDIENCE,GUARD #1,2
AUDIENCE,GRITTED TEETH,2
AUDIENCE,GINGERBREAD MAN/PINOCCHIO,2
SHOUTING,VILLAINS,2
AUDIENCE,QUIETLY,2
AUDIENCE,QUEEN,2
AUDIENCE,PRINCIPAL PYNCHLEY,2
AUDIENCE,PRINCESSES/PUSS/DONKEY,2
AUDIENCE,PRINCESSES,2
AUDIENCE,PIRATES,2
AUDIENCE,PIGS,2
NANNY DWARF,OGRE BABIES,2
MUFFIN MAN,VILLAINS,2
FIONA,KING HAROLD,2
FIDDLESWORTH,SHREK,2
FIONA,OGRE BABIES,2
FIONA,RAUL,2
GARY,OGRE BABIES,2
GARY,HOOK,2
GARY,HIS EARS,2
GARY,HEADLESS HORSEMAN,2
GARY,PUPPET MASTER,2
GARY,OTHER PIRATES,2
FAIRYTALE CREATURES,VAN STUDENT,2
FAIRYTALE CREATURES,TIFFANY,2
FEMALE STUDENT #1,OTHER PIRATES,2
FEMALE STUDENT #1,OGRE BABIES,2
FEMALE STUDENT #1,HOOK,2
FEMALE STUDENT #1,HIS EARS,2
FEMALE STUDENT #1,PUPPET MASTER,2
FIDDLESWORTH,FIONA,2
FEMALE STUDENT #1,VILLAINS,2
NANNY DWARF,OTHER PIRATES,2
OGRE,OGRE BABIES,2
NANNY DWARF,VILLAINS,2
FAIRYTALE CREATURES,TEENAGER,2
FAIRYTALE CREATURES,STUDENTS,2
FAIRYTALE CREATURES,SNOW WHITE,2
FAIRYTALE CREATURES,SLEEPING BEAUTY,2
FAIRYTALE CREATURES,RAPUNZEL,2
FAIRYTALE CREATURES,QUEEN,2
FAIRYTALE CREATURES,PRINCIPAL PYNCHLEY,2
NANNY DWARF,PUPPET MASTER,2
FEMALE STUDENT #1,HEADLESS HORSEMAN,2
FAIRYTALE CREATURES,XAVIER,2
FAIRYTALE CREATURES,FEMALE STUDENT #1,2
OGRE,PUPPET MASTER,2
FAIRYTALE CREATURES,PRINCESSES,2
FAIRYTALE CREATURES,PINOCCHIO,2
FAIRYTALE CREATURES,PIGS,2
FAIRYTALE CREATURES,PIG #2,2
FAIRYTALE CREATURES,OGRE BABY,2
FAIRYTALE CREATURES,NANNY DWARF,2
FAIRYTALE CREATURES,MOTHER,2
OGRE,OTHER PIRATES,2
AUDIENCE,PIG #2,2
AUDIENCE,OGRE BABY,2
AUDIENCE,OGRE BABIES,2
AUDIENCE,OGRE,2
SHIP CAPTAIN,VILLAINS,2
SCRIPT,VILLAINS,2
AUDIENCE,WIZARD HEAD,2
AUDIENCE,VAN STUDENT,2
AUDIENCE,TIFFANY,2
AUDIENCE,TEENAGER,2
AUDIENCE,TEACHER,2
AUDIENCE,STUDENTS,2
AUDIENCE,SNOW WHITE,2
AUDIENCE,SLEEPING BEAUTY,2
AUDIENCE,SHOUTING,2
AUDIENCE,SHIP CAPTAIN,2
OGRE BABIES,OGRE BABY,2
OGRE,VILLAINS,2
EVIL WITCHES,VILLAINS,2
FAIRYTALE CREATURES,LANCELOT,2
FAIRYTALE CREATURES,KNIGHT,2
FAIRYTALE CREATURES,JOCKS,2
FAIRYTALE CREATURES,HALL MONITOR,2
FAIRYTALE CREATURES,GUINEVERRE,2
FAIRYTALE CREATURES,GRITTED TEETH,2
FAIRYTALE CREATURES,GINGERBREAD MAN/PINOCCHIO,2
FAIRYTALE CREATURES,GARY,2
OGRE BABIES,SCRIPT,2
OGRE BABIES,RUMPLESTILTSKIN,2
OGRE BABIES,RAPUNZEL,2
OGRE BABIES,QUIETLY,2
OGRE BABIES,QUEEN,2
OGRE BABIES,PUSS,2
OGRE BABIES,PRINCIPAL PYNCHLEY,2
OGRE BABIES,PRINCESSES/PUSS/DONKEY,2
OGRE BABIES,PRINCESSES,2
OGRE BABIES,PRINCE CHARMING,2
OGRE BABIES,PIRATES,2
OGRE BABIES,PINOCCHIO,2
OGRE BABIES,PIGS,2
OGRE BABIES,PIG #2,2
OGRE BABIES,PIG #1,2
OGRE BABIES,OTHER PIRATES,2
OGRE BABIES,XAVIER,2
OGRE BABIES,WOLF,2
OGRE BABIES,WIZARD HEAD,2
OGRE BABIES,VILLAINS,2
OGRE BABIES,VAN STUDENT,2
OGRE BABIES,TIFFANY,2
OGRE BABIES,TEENAGER,2
OGRE BABIES,TEACHER,2
OGRE BABIES,STUDENTS,2
OGRE BABIES,SNOW WHITE,2
OGRE BABIES,SLEEPING BEAUTY,2
EVIL WITCHES,OTHER PIRATES,2
OGRE BABIES,SHREK,2
OGRE BABIES,SHOUTING,2
OGRE BABIES,SHIP CAPTAIN,2
EVIL TREE #2,SCRIPT,2
OGRE BABY,PUPPET MASTER,2
EVIL TREES,HOOK,2
EVIL TREES,HIS EARS,2
EVIL TREES,HEADLESS HORSEMAN,2
EVIL TREES,FAIRYTALE CREATURES,2
EVIL TREES,OTHER PIRATES,2
EVIL TREES,OGRE BABIES,2
EVIL TREES,PUPPET MASTER,2
EVIL TREES,VILLAINS,2
EVIL WITCHES,OGRE BABIES,2
EVIL WITCHES,HOOK,2
EVIL WITCHES,HEADLESS HORSEMAN,2
OGRE BABY,OTHER PIRATES,2
OTHER PIRATES,PIG #2,2
OGRE BABY,VILLAINS,2
EVIL TREE #2,XAVIER,2
EVIL TREE #2,WIZARD HEAD,2
EVIL TREE #2,VAN STUDENT,2
EVIL TREE #2,TIFFANY,2
EVIL TREE #2,TEENAGER,2
EVIL TREE #2,TEACHER,2
EVIL TREE #2,STUDENTS,2
EVIL TREE #2,SNOW WHITE,2
EVIL TREE #2,SLEEPING BEAUTY,2
EVIL TREE #2,SHOUTING,2
EVIL TREE #2,SHIP CAPTAIN,2
AUDIENCE,SCRIPT,2
BLIND MOUSE #1,DRIVERS ED INSTRUCTOR,2
BLIND MOUSE #1,DRAGON,2
BLIND MOUSE #1,DORIS,2
BLIND MOUSE #1,COSTUME STUDENT 2,2
BLIND MOUSE #1,COSTUME STUDENT 1,2
BLIND MOUSE #1,CINDERELLA,2
BLIND MOUSE #1,CHEERLEADERS,2
BLIND MOUSE #1,BOHORT,2
AUDIENCE,XAVIER,2
BLIND MOUSE #1,JOCKS,2
EVIL TREE #2,PRINCESSES,2
EVIL TREE #2,PIRATES,2
EVIL TREE #2,PIGS,2
EVIL TREE #2,PIG #2,2
EVIL TREE #2,OGRE BABY,2
OTHER PIRATES,SLEEPING BEAUTY,2
OTHER PIRATES,SHOUTING,2
OTHER PIRATES,SHIP CAPTAIN,2
OTHER PIRATES,SCRIPT,2
OTHER PIRATES,QUIETLY,2
OTHER PIRATES,QUEEN,2
OTHER PIRATES,PRINCIPAL PYNCHLEY,2
OTHER PIRATES,PRINCESSES/PUSS/DONKEY,2
OTHER PIRATES,PRINCESSES,2
OTHER PIRATES,PIRATES,2
OTHER PIRATES,PIGS,2
EVIL TREE #2,HALL MONITOR,2
EVIL TREE #2,GUINEVERRE,2
EVIL TREE #2,GUARD #2,2
EVIL TREE #2,GUARD #1,2
OTHER PIRATES,XAVIER,2
OTHER PIRATES,WIZARD HEAD,2
OTHER PIRATES,VAN STUDENT,2
OTHER PIRATES,TIFFANY,2
OTHER PIRATES,TEENAGER,2
OTHER PIRATES,TEACHER,2
OTHER PIRATES,STUDENTS,2
OTHER PIRATES,SNOW WHITE,2
EVIL TREE #2,QUIETLY,2
EVIL TREE #2,QUEEN,2
EVIL TREE #2,PRINCIPAL PYNCHLEY,2
EVIL TREE #2,PRINCESSES/PUSS/DONKEY,2
EVIL TREE #2,EVIL TREES,2
EVIL TREE #1,XAVIER,2
EVIL TREE #1,WIZARD HEAD,2
EVIL TREE #1,VAN STUDENT,2
EVIL TREE #1,TIFFANY,2
EVIL TREE #1,TEENAGER,2
EVIL TREE #1,TEACHER,2
EVIL TREE #2,OGRE BABIES,2
EVIL TREE #2,OGRE,2
EVIL TREE #2,NANNY DWARF,2
EVIL TREE #2,MUFFIN MAN,2
EVIL TREE #2,MOTHER,2
EVIL TREE #2,MABEL,2
EVIL TREE #2,LANCELOT,2
EVIL TREE #2,KNIGHT,2
EVIL TREE #2,JOCKS,2
EVIL TREE #1,SNOW WHITE,2
EVIL TREE #1,SLEEPING BEAUTY,2
EVIL TREE #1,SHOUTING,2
EVIL TREE #1,SHIP CAPTAIN,2
EVIL TREE #1,SCRIPT,2
EVIL TREE #1,QUIETLY,2
EVIL TREE #1,QUEEN,2
EVIL TREE #1,PRINCIPAL PYNCHLEY,2
EVIL TREE #1,PRINCESSES/PUSS/DONKEY,2
EVIL TREE #1,PRINCESSES,2
EVIL TREE #2,GRITTED TEETH,2
EVIL TREE #2,GINGERBREAD MAN/PINOCCHIO,2
EVIL TREE #2,GINGERBREAD MAN,2
EVIL TREE #2,GARY,2
EVIL TREE #2,FEMALE STUDENT #1,2
EVIL TREE #2,EVIL WITCHES,2
EVIL TREE #1,EVIL TREES,2
PIG #2,VILLAINS,2
EVIL TREE #1,PIRATES,2
EVIL TREE #1,PIGS,2
EVIL TREE #1,PIG #2,2
EVIL TREE #1,OGRE BABY,2
EVIL TREE #1,OGRE BABIES,2
EVIL TREE #1,OGRE,2
EVIL TREE #1,NANNY DWARF,2
EVIL TREE #1,MUFFIN MAN,2
EVIL TREE #1,MOTHER,2
EVIL TREE #1,MABEL,2
EVIL TREE #1,LANCELOT,2
EVIL TREE #1,KNIGHT,2
PIG #2,PUPPET MASTER,2
EVIL TREE #1,STUDENTS,2
EVIL KNIGHT #1,OTHER PIRATES,2
EVIL KNIGHT #1,OGRE BABIES,2
EVIL KNIGHT #1,VILLAINS,2
EVIL QUEEN,OGRE BABIES,2
EVIL TREE #1,JOCKS,2
EVIL TREE #1,HALL MONITOR,2
EVIL TREE #1,GUINEVERRE,2
EVIL TREE #1,GUARD #2,2
EVIL TREE #1,GUARD #1,2
EVIL TREE #1,GRITTED TEETH,2
EVIL TREE #1,GINGERBREAD MAN/PINOCCHIO,2
EVIL TREE #1,GINGERBREAD MAN,2
EVIL TREE #1,GARY,2
EVIL TREE #1,FEMALE STUDENT #1,2
EVIL TREE #1,EVIL WITCHES,2
EVIL DWARFS,PRINCIPAL PYNCHLEY,2
EVIL DWARFS,PRINCESSES/PUSS/DONKEY,2
PIGS,VILLAINS,2
EVIL KNIGHT #1,EVIL TREE #2,2
EVIL KNIGHT #1,EVIL TREE #1,2
EVIL DWARFS,XAVIER,2
EVIL DWARFS,WIZARD HEAD,2
EVIL DWARFS,VILLAINS,2
EVIL DWARFS,VAN STUDENT,2
EVIL DWARFS,TIFFANY,2
EVIL KNIGHT #1,HOOK,2
EVIL KNIGHT #1,HEADLESS HORSEMAN,2
PIGS,PUPPET MASTER,2
EVIL DWARFS,OGRE BABIES,2
EVIL DWARFS,OGRE,2
EVIL DWARFS,NANNY DWARF,2
EVIL DWARFS,MUFFIN MAN,2
EVIL DWARFS,MOTHER,2
EVIL DWARFS,MERLIN,2
EVIL DWARFS,TEENAGER,2
EVIL DWARFS,TEACHER,2
EVIL DWARFS,STUDENTS,2
EVIL DWARFS,SLEEPING BEAUTY,2
EVIL DWARFS,SHOUTING,2
EVIL DWARFS,SHIP CAPTAIN,2
EVIL DWARFS,SCRIPT,2
EVIL DWARFS,QUIETLY,2
EVIL DWARFS,QUEEN,2
EVIL DWARFS,GUINEVERRE,2
EVIL DWARFS,GUARD #2,2
EVIL DWARFS,GUARD #1,2
EVIL DWARFS,GRITTED TEETH,2
EVIL DWARFS,GINGERBREAD MAN/PINOCCHIO,2
EVIL DWARFS,GARY,2
EVIL DWARFS,FEMALE STUDENT #1,2
EVIL DWARFS,EVIL WITCHES,2
EVIL DWARFS,PRINCESSES,2
EVIL DWARFS,PIRATES,2
EVIL DWARFS,PIGS,2
EVIL DWARFS,PIG #2,2
EVIL DWARFS,OTHER PIRATES,2
EVIL DWARFS,OGRE BABY,2
EVIL DWARF #1,EVIL TREE #2,2
EVIL DWARF #1,OTHER PIRATES,2
EVIL DWARF #1,OGRE BABIES,2
EVIL DWARF #1,HOOK,2
EVIL DWARFS,EVIL TREE #2,2
EVIL DWARFS,EVIL TREE #1,2
EVIL DWARFS,EVIL QUEEN,2
EVIL DWARF #1,VILLAINS,2
EVIL DWARFS,LANCELOT,2
EVIL DWARFS,KNIGHT,2
EVIL DWARFS,JOCKS,2
EVIL DWARFS,HOOK,2
EVIL DWARFS,HEADLESS HORSEMAN,2
EVIL DWARFS,HALL MONITOR,2
DRIVERS ED INSTRUCTOR,EVIL DWARFS,2
DRIVERS ED INSTRUCTOR,HEADLESS HORSEMAN,2
DRIVERS ED INSTRUCTOR,FAIRYTALE CREATURES,2
DRIVERS ED INSTRUCTOR,EVIL TREE #2,2
DRIVERS ED INSTRUCTOR,EVIL TREE #1,2
DRIVERS ED INSTRUCTOR,OTHER PIRATES,2
DRIVERS ED INSTRUCTOR,OGRE BABIES,2
DRIVERS ED INSTRUCTOR,HOOK,2
DRIVERS ED INSTRUCTOR,HIS EARS,2
DRIVERS ED INSTRUCTOR,PUPPET MASTER,2
EVIL DWARF #1,EVIL TREE #1,2
EVIL DWARF #1,EVIL DWARFS,2
DRIVERS ED INSTRUCTOR,VILLAINS,2
PIRATES,VILLAINS,2
EVIL DWARF #1,HEADLESS HORSEMAN,2
DORIS,EVIL TREE #1,2
DORIS,HIS EARS,2
DORIS,HEADLESS HORSEMAN,2
DORIS,FAIRYTALE CREATURES,2
DORIS,EVIL TREE #2,2
DORIS,OTHER PIRATES,2
DORIS,OGRE BABIES,2
DORIS,HOOK,2
DORIS,PUPPET MASTER,2
DRAGON,EVIL DWARFS,2
DORIS,VILLAINS,2
DRAGON,FAIRYTALE CREATURES,2
DRAGON,OGRE BABIES,2
DRAGON,HIS EARS,2
DRAGON,PUPPET MASTER,2
BLIND MOUSE #1,HALL MONITOR,2
BLIND MOUSE #1,GUINEVERRE,2
BLIND MOUSE #1,GRITTED TEETH,2
BLIND MOUSE #1,GINGERBREAD MAN/PINOCCHIO,2
BLIND MOUSE #1,GINGERBREAD MAN,2
BLIND MOUSE #1,GARY,2
BLIND MOUSE #1,FEMALE STUDENT #1,2
BLIND MOUSE #1,EVIL TREES,2
BLIND MOUSE #1,PIGS,2
BLIND MOUSE #1,PIG #2,2
BLIND MOUSE #1,OGRE BABY,2
COSTUME STUDENT 2,VILLAINS,2
CYCLOPS,EVIL TREE #2,2
CYCLOPS,EVIL TREE #1,2
CYCLOPS,HOOK,2
CYCLOPS,HEADLESS HORSEMAN,2
CYCLOPS,OTHER PIRATES,2
CYCLOPS,OGRE BABIES,2
CYCLOPS,VILLAINS,2
DONKEY,FIDDLESWORTH,2
DONKEY,KING HAROLD,2
DONKEY,OGRE BABIES,2
PRINCESSES,PUPPET MASTER,2
DONKEY,RAUL,2
COSTUME STUDENT 1,HEADLESS HORSEMAN,2
COSTUME STUDENT 1,OTHER PIRATES,2
COSTUME STUDENT 1,OGRE BABIES,2
COSTUME STUDENT 1,PUPPET MASTER,2
COSTUME STUDENT 2,EVIL DWARFS,2
COSTUME STUDENT 1,VILLAINS,2
COSTUME STUDENT 2,HEADLESS HORSEMAN,2
COSTUME STUDENT 2,FAIRYTALE CREATURES,2
COSTUME STUDENT 2,EVIL TREE #2,2
COSTUME STUDENT 2,EVIL TREE #1,2
COSTUME STUDENT 2,OTHER PIRATES,2
COSTUME STUDENT 2,OGRE BABIES,2
COSTUME STUDENT 2,HOOK,2
COSTUME STUDENT 2,HIS EARS,2
PRINCESSES,VILLAINS,2
COSTUME STUDENT 2,PUPPET MASTER,2
PRINCIPAL PYNCHLEY,PUPPET MASTER,2
PRINCESSES/PUSS/DONKEY,VILLAINS,2
CINDERELLA,HOOK,2
CINDERELLA,HIS EARS,2
CINDERELLA,HEADLESS HORSEMAN,2
CINDERELLA,PUPPET MASTER,2
CINDERELLA,OTHER PIRATES,2
CINDERELLA,OGRE BABIES,2
CINDERELLA,VILLAINS,2
COSTUME STUDENT 1,FAIRYTALE CREATURES,2
COSTUME STUDENT 1,EVIL TREE #2,2
COSTUME STUDENT 1,EVIL TREE #1,2
COSTUME STUDENT 1,EVIL DWARFS,2
COSTUME STUDENT 1,HOOK,2
COSTUME STUDENT 1,HIS EARS,2
CAPTAIN HOOK,OGRE BABIES,2
CHEERLEADERS,EVIL TREE #2,2
CHEERLEADERS,EVIL TREE #1,2
CHEERLEADERS,EVIL DWARFS,2
CHEERLEADERS,HOOK,2
CHEERLEADERS,HIS EARS,2
CHEERLEADERS,HEADLESS HORSEMAN,2
CHEERLEADERS,FAIRYTALE CREATURES,2
CHEERLEADERS,OTHER PIRATES,2
CHEERLEADERS,OGRE BABIES,2
CHEERLEADERS,PUPPET MASTER,2
CHEERLEADERS,VILLAINS,2
CINDERELLA,FAIRYTALE CREATURES,2
CINDERELLA,EVIL TREE #2,2
CINDERELLA,EVIL TREE #1,2
CINDERELLA,EVIL DWARFS,2
PUPPET MASTER,VAN STUDENT,2
PUPPET MASTER,TIFFANY,2
PUPPET MASTER,TEENAGER,2
PUPPET MASTER,STUDENTS,2
PUPPET MASTER,SNOW WHITE,2
PUPPET MASTER,SLEEPING BEAUTY,2
PUPPET MASTER,RAPUNZEL,2
BY A MONSTER TRYING TO RELATE TO,VILLAINS,2
CAPTAIN HOOK,EVIL DWARFS,2
PUPPET MASTER,QUEEN,2
PRINCIPAL PYNCHLEY,VILLAINS,2
BOHORT,PUPPET MASTER,2
BOHORT,VILLAINS,2
BY A MONSTER TRYING TO RELATE TO,EVIL TREE #2,2
BY A MONSTER TRYING TO RELATE TO,EVIL TREE #1,2
BY A MONSTER TRYING TO RELATE TO,EVIL DWARFS,2
BY A MONSTER TRYING TO RELATE TO,HOOK,2
BY A MONSTER TRYING TO RELATE TO,HEADLESS HORSEMAN,2
BY A MONSTER TRYING TO RELATE TO,OTHER PIRATES,2
BY A MONSTER TRYING TO RELATE TO,OGRE BABIES,2
PUPPET MASTER,XAVIER,2
BLIND MOUSE #1,OGRE,2
BLIND MOUSE #1,NANNY DWARF,2
BLIND MOUSE #1,MOTHER,2
BLIND MOUSE #1,LANCELOT,2
BLIND MOUSE #1,KNIGHT,2
QUIETLY,VILLAINS,2
BLIND MOUSE #1,STUDENTS,2
BLIND MOUSE #1,SNOW WHITE,2
BLIND MOUSE #1,SLEEPING BEAUTY,2
BLIND MOUSE #1,RAPUNZEL,2
BODY,HOOK,2
BODY,HEADLESS HORSEMAN,2
BODY,OTHER PIRATES,2
BODY,OGRE BABIES,2
BODY,VILLAINS,2
BOHORT,EVIL DWARFS,2
BOHORT,FAIRYTALE CREATURES,2
BOHORT,EVIL TREE #2,2
BOHORT,EVIL TREE #1,2
BOHORT,OTHER PIRATES,2
BOHORT,OGRE BABIES,2
BOHORT,HOOK,2
BOHORT,HIS EARS,2
BOHORT,HEADLESS HORSEMAN,2
BLIND MOUSE #1,QUEEN,2
BLIND MOUSE #1,PRINCIPAL PYNCHLEY,2
BLIND MOUSE #1,PRINCESSES,2
QUEEN,VILLAINS,2
BLIND MOUSE #1,XAVIER,2
BLIND MOUSE #1,VAN STUDENT,2
BLIND MOUSE #1,TIFFANY,2
BLIND MOUSE #1,TEENAGER,2
BODY,EVIL TREE #2,2
BODY,EVIL TREE #1,2
BODY,EVIL DWARFS,2
ALL,OGRE BABIES,2
ANNOUNCER,AUDIENCE,2
ANNOUNCER,EVIL TREE #2,2
ANNOUNCER,EVIL TREE #1,2
ANNOUNCER,HOOK,2
ANNOUNCER,HEADLESS HORSEMAN,2
SNOW WHITE,VILLAINS,2
SLEEPING BEAUTY,VILLAINS,2
ANNOUNCER,OTHER PIRATES,2
KNIGHT,VILLAINS,2
KNIGHT,OTHER PIRATES,2
KNIGHT,OGRE BABIES,2
KING HAROLD,SHREK,2
KING HAROLD,QUEEN,2
KNIGHT,PUPPET MASTER,2
VILLAINS,XAVIER,2
VILLAINS,WIZARD HEAD,2
VAN STUDENT,VILLAINS,2
TIFFANY,VILLAINS,2
ACTRESS,PINOCCHIO,1
ACTRESS,PRINCE CHARMING,1
ACTRESS,WAITER,1
ALL,BLIND MOUSE #1,1
KING HAROLD,RUMPLESTILTSKIN,1
KING HAROLD,SHIP CAPTAIN,1
ANNOUNCER,FAIRYTALE CREATURES,1
ANNOUNCER,HIS EARS,1
ANNOUNCER,BLIND MOUSE #1,1
ALL,PUPPET MASTER,1
ALL,FAIRYTALE CREATURES,1
ALL,HIS EARS,1
ACTRESS,OLD LADY,1
BODY,FAIRYTALE CREATURES,1
BLIND MOUSE #1,TEACHER,1
BLIND MOUSE #1,WIZARD HEAD,1
BLIND MOUSE #1,WOLF,1
BLIND MOUSE #1,PRINCESSES/PUSS/DONKEY,1
BODY,PUPPET MASTER,1
BODY,HIS EARS,1
BLIND MOUSE #1,QUIETLY,1
BLIND MOUSE #1,SCRIPT,1
BLIND MOUSE #1,SHOUTING,1
BLIND MOUSE #1,KING HAROLD,1
BLIND MOUSE #1,MERLIN,1
BLIND MOUSE #1,MUFFIN MAN,1
PUPPET MASTER,WIZARD HEAD,1
PUPPET MASTER,WOLF,1
BY A MONSTER TRYING TO RELATE TO,PUPPET MASTER,1
BY A MONSTER TRYING TO RELATE TO,FAIRYTALE CREATURES,1
BY A MONSTER TRYING TO RELATE TO,HIS EARS,1
PUSS,RAUL,1
PUPPET MASTER,QUIETLY,1
CAPTAIN HOOK,KING HAROLD,1
PUPPET MASTER,SCRIPT,1
PUPPET MASTER,SHOUTING,1
PUPPET MASTER,TEACHER,1
PRINCESSES/PUSS/DONKEY,PUPPET MASTER,1
PRINCE CHARMING,WAITER,1
DONKEY,MASTER OF CEREMONIES,1
CYCLOPS,KING HAROLD,1
BLIND MOUSE #1,PINOCCHIO,1
BLIND MOUSE #1,PIRATES,1
BLIND MOUSE #1,EVIL WITCHES,1
BLIND MOUSE #1,GUARD #1,1
BLIND MOUSE #1,GUARD #2,1
DONKEY,WOMAN,1
EVIL DWARF #1,HIS EARS,1
EVIL DWARF #1,PUPPET MASTER,1
EVIL DWARF #1,FAIRYTALE CREATURES,1
PINOCCHIO,WAITER,1
PIRATES,PUPPET MASTER,1
PINOCCHIO,PUPPET MASTER,1
EVIL KNIGHT #1,PUPPET MASTER,1
EVIL KNIGHT #1,HIS EARS,1
EVIL KNIGHT #1,FAIRYTALE CREATURES,1
EVIL QUEEN,KING HAROLD,1
RAUL,SHREK,1
BLIND MOUSE #1,BODY,1
BLIND MOUSE #1,BY A MONSTER TRYING TO RELATE TO,1
BLIND MOUSE #1,EVIL DWARF #1,1
BLIND MOUSE #1,EVIL KNIGHT #1,1
OLD LADY,PINOCCHIO,1
OLD LADY,PRINCE CHARMING,1
OLD LADY,WAITER,1
EVIL WITCHES,HIS EARS,1
EVIL WITCHES,FAIRYTALE CREATURES,1
EVIL WITCHES,PUPPET MASTER,1
FAIRYTALE CREATURES,GUARD #1,1
FAIRYTALE CREATURES,GUARD #2,1
FAIRYTALE CREATURES,HECKLER,1
FAIRYTALE CREATURES,KING HAROLD,1
OGRE,WAITER,1
OGRE,OLD LADY,1
FAIRYTALE CREATURES,MERLIN,1
FAIRYTALE CREATURES,MUFFIN MAN,1
FAIRYTALE CREATURES,OLD LADY,1
FAIRYTALE CREATURES,PIRATES,1
FAIRYTALE CREATURES,PRINCESSES/PUSS/DONKEY,1
FAIRYTALE CREATURES,QUIETLY,1
FAIRYTALE CREATURES,SCRIPT,1
FAIRYTALE CREATURES,SHOUTING,1
FAIRYTALE CREATURES,TEACHER,1
FIDDLESWORTH,MASTER OF CEREMONIES,1
FIDDLESWORTH,PUSS,1
FIDDLESWORTH,RAUL,1
FAIRYTALE CREATURES,WAITER,1
FAIRYTALE CREATURES,WIZARD HEAD,1
FAIRYTALE CREATURES,WOLF,1
MUFFIN MAN,PUPPET MASTER,1
FIONA,WOMAN,1
FIONA,MASTER OF CEREMONIES,1
FIDDLESWORTH,WOMAN,1
GINGERBREAD MAN,WAITER,1
GINGERBREAD MAN,OLD LADY,1
GINGERBREAD MAN,HECKLER,1
GUARD #1,HIS EARS,1
GUARD #2,PUPPET MASTER,1
GUARD #2,HIS EARS,1
GUARD #1,PUPPET MASTER,1
MASTER OF CEREMONIES,WOMAN,1
HECKLER,OGRE,1
HECKLER,OLD LADY,1
HECKLER,PINOCCHIO,1
HECKLER,PRINCE CHARMING,1
MERLIN,PUPPET MASTER,1
SHREK,WOMAN,1
HECKLER,WAITER,1
HIS EARS,KING HAROLD,1
HIS EARS,MERLIN,1
HIS EARS,MUFFIN MAN,1
HIS EARS,PINOCCHIO,1
MASTER OF CEREMONIES,SHREK,1
HIS EARS,PIRATES,1
HIS EARS,PRINCESSES/PUSS/DONKEY,1
HIS EARS,QUIETLY,1
HIS EARS,SCRIPT,1
HIS EARS,SHOUTING,1
HIS EARS,TEACHER,1
HIS EARS,WIZARD HEAD,1
HIS EARS,WOLF,1
KING HAROLD,MABEL,1
KING HAROLD,PIG #1,1
KING HAROLD,PRINCE CHARMING,1
KING HAROLD,PUPPET MASTER,1
ANNOUNCER,PUPPET MASTER,1
ACTRESS,OGRE,1
ACTRESS,HECKLER,1
ACTRESS,GINGERBREAD MAN,1
ACTRESS,FAIRYTALE CREATURES,1
